game_date,shirt_no,player_name,on_for,off_for
2018-09-04,14,Adam Buxton,2,
2018-09-04,2,Jake Caprice,,14
2018-09-04,7,Dylan Mottley-Henry,17,
2018-09-04,17,Ben Tollitt,,7
2018-09-04,11,Paul Mullin,9,
2018-09-04,9,Connor Jennings,,11
2018-10-09,11,Jake Caprice,14,
2018-10-09,14,Connor Jennings,,11
2018-10-09,6,Adam Buxton,2,
2018-10-09,2,Emmanuel Monthe,,6
2018-10-09,22,Ben Tollitt,7,
2018-10-09,7,Harvey Gilmour,,22
2018-10-30,14,Adam Buxton,2,
2018-10-30,2,Jake Caprice,,14
2018-10-30,27,Johnny Smith,18,
2018-10-30,18,Ryan Williams,,27
2018-10-30,21,Franklyn Akammadu,19,
2018-10-30,19,Evan Gumbs,,21
2018-11-10,22,Jay Harris,8,
2018-11-10,8,Harvey Gilmour,,22
2018-11-10,18,Larnell Cole,29,
2018-11-10,29,Johnny Smith,,18
2018-11-10,7,Paul Mullin,9,
2018-11-10,9,Ben Tollitt,,7
2018-11-20,3,Zoumana Bakayogo,24,
2018-11-20,24,Liam Ridehalgh,,3
2018-11-20,17,Larnell Cole,29,
2018-11-20,29,Dylan Mottley-Henry,,17
2018-11-20,20,Paul Mullin,9,
2018-11-20,9,Cole Stockton,,20
2018-12-02,2,Harvey Gilmour,22,
2018-12-02,22,Adam Buxton,,2
2018-12-02,18,Dylan Mottley-Henry,17,
2018-12-02,17,Johnny Smith,,18
2018-12-02,7,Paul Mullin,9,
2018-12-02,9,Ben Tollitt,,7
2018-12-17,2,Jake Caprice,14,
2018-12-17,14,Adam Buxton,,2
2018-12-17,20,Paul Mullin,9,
2018-12-17,9,Cole Stockton,,20
2019-01-04,28,Jay Harris,8,
2019-01-04,8,Oliver Banks,,28
2019-01-04,9,Connor Jennings,11,
2019-01-04,11,Paul Mullin,,9
2019-05-10,22,Oliver Banks,28,
2019-05-10,28,Harvey Gilmour,,22
2019-05-10,18,Kieron Morris,19,
2019-05-10,19,Johnny Smith,,18
2019-05-13,22,Kieron Morris,19,
2019-05-13,19,Harvey Gilmour,,22
2019-05-25,2,Sid Nelson,4,
2019-05-25,4,Adam Buxton,,2
2019-05-25,5,Kieron Morris,19,
2019-05-25,19,Steve McNulty,,5
2019-05-25,27,Jay Harris,8,
2019-05-25,8,Ben Pringle,,27
2019-08-03,9,Sid Nelson,4,
2019-08-03,4,Paul Mullin,,9
2019-08-03,18,Jordan Ponticelli,19,
2019-08-03,19,Rushian Hepburn-Murphy,,18
2019-08-03,10,Stefan Payne,45,
2019-08-03,45,Morgan Ferrier,,10
2019-08-10,23,Connor Jennings,11,
2019-08-10,11,Corey Taylor,,23
2019-08-10,45,Morgan Ferrier,10,
2019-08-10,10,Stefan Payne,,45
2019-08-17,4,Kane Wilson,22,
2019-08-17,22,Sid Nelson,,4
2019-08-17,45,Corey Taylor,23,
2019-08-17,23,Stefan Payne,,45
2019-08-17,9,Morgan Ferrier,10,
2019-08-17,10,Paul Mullin,,9
2019-08-20,18,Kane Wilson,22,
2019-08-20,22,Rushian Hepburn-Murphy,,18
2019-08-31,2,Sid Nelson,4,
2019-08-31,4,Calum Woods,,2
2019-08-31,18,Paul Mullin,9,
2019-08-31,9,Rushian Hepburn-Murphy,,18
2019-09-07,2,Sid Nelson,4,
2019-09-07,4,Calum Woods,,2
2019-09-07,28,Kieron Morris,7,
2019-09-07,7,Oliver Banks,,28
2019-09-07,18,Paul Mullin,9,
2019-09-07,9,Rushian Hepburn-Murphy,,18
2019-09-14,33,Calum Woods,2,
2019-09-14,2,Cameron Borthwick-Jackson,,33
2019-09-14,28,David Perkins,17,
2019-09-14,17,Oliver Banks,,28
2019-09-14,7,Stefan Payne,45,
2019-09-14,45,Kieron Morris,,7
2019-09-17,11,Darren Potter,8,
2019-09-17,8,Connor Jennings,,11
2019-09-17,23,Stefan Payne,45,
2019-09-17,45,Corey Taylor,,23
2019-09-21,33,George Ray,5,
2019-09-21,5,Cameron Borthwick-Jackson,,33
2019-09-21,23,Darren Potter,8,
2019-09-21,8,Corey Taylor,,23
2019-09-21,35,David Perkins,17,
2019-09-21,17,Neil Danns,,35
2019-09-28,18,Darren Potter,8,
2019-09-28,8,Rushian Hepburn-Murphy,,18
2019-09-28,11,Kieron Morris,7,
2019-09-28,7,Connor Jennings,,11
2019-09-28,23,Paul Mullin,9,
2019-09-28,9,Corey Taylor,,23
2019-10-05,18,Kieron Morris,7,
2019-10-05,7,Rushian Hepburn-Murphy,,18
2019-10-05,20,Darren Potter,8,
2019-10-05,8,Harvey Gilmour,,20
2019-10-05,23,Oliver Banks,28,
2019-10-05,28,Corey Taylor,,23
2019-10-13,18,Paul Mullin,9,
2019-10-13,9,Rushian Hepburn-Murphy,,18
2019-10-18,11,Rushian Hepburn-Murphy,18,
2019-10-18,18,Connor Jennings,,11
2019-10-18,9,Corey Taylor,23,
2019-10-18,23,Paul Mullin,,9
2019-10-22,18,Paul Mullin,9,
2019-10-22,9,Rushian Hepburn-Murphy,,18
2020-02-04,14,Calum Woods,2,
2020-02-04,2,Jake Caprice,,14
2020-02-04,17,Luke McCullough,12,
2020-02-04,12,David Perkins,,17
2020-02-04,11,James Vaughan,19,
2020-02-04,19,Connor Jennings,,11
2019-11-02,23,Jake Caprice,14,
2019-11-02,14,Corey Taylor,,23
2019-11-02,9,Rushian Hepburn-Murphy,18,
2019-11-02,18,Paul Mullin,,9
2019-11-17,23,Liam Ridehalgh,3,
2019-11-17,3,Corey Taylor,,23
2019-11-17,10,David Perkins,17,
2019-11-17,17,Morgan Ferrier,,10
2019-11-17,9,Rushian Hepburn-Murphy,18,
2019-11-17,18,Paul Mullin,,9
2019-11-23,23,George Ray,5,
2019-11-23,5,Corey Taylor,,23
2019-11-23,17,Darren Potter,8,
2019-11-23,8,David Perkins,,17
2019-11-23,9,Rushian Hepburn-Murphy,18,
2019-11-23,18,Paul Mullin,,9
2019-12-07,25,Scott Davies,1,
2019-12-07,1,Luke Pilling,,25
2019-12-07,2,Kieron Morris,7,
2019-12-07,7,Calum Woods,,2
2019-12-07,18,Morgan Ferrier,10,
2019-12-07,10,Rushian Hepburn-Murphy,,18
2019-12-14,45,Rushian Hepburn-Murphy,18,
2019-12-14,18,Stefan Payne,,45
2019-12-21,8,Neil Danns,35,
2019-12-21,35,Darren Potter,,8
2019-12-21,2,Kieron Morris,7,
2019-12-21,7,Calum Woods,,2
2019-12-21,9,Morgan Ferrier,10,
2019-12-21,10,Paul Mullin,,9
2019-12-26,9,Connor Jennings,11,
2019-12-26,11,Paul Mullin,,9
2020-01-01,9,Corey Taylor,23,
2020-01-01,23,Paul Mullin,,9
2020-02-25,17,Luke McCullough,12,
2020-02-25,12,David Perkins,,17
2020-02-25,35,Corey Taylor,23,
2020-02-25,23,Neil Danns,,35
2020-02-25,11,James Vaughan,19,
2020-02-25,19,Connor Jennings,,11
2020-01-11,3,Calum Woods,2,
2020-01-11,2,Liam Ridehalgh,,3
2020-01-11,23,Neil Danns,35,
2020-01-11,35,Corey Taylor,,23
2020-01-11,9,Connor Jennings,11,
2020-01-11,11,Paul Mullin,,9
2020-01-18,23,David Perkins,17,
2020-01-18,17,Corey Taylor,,23
2020-01-18,28,Neil Danns,35,
2020-01-18,35,Oliver Banks,,28
2020-03-10,23,Calum Woods,2,
2020-03-10,2,Corey Taylor,,23
2020-03-10,11,James Vaughan,19,
2020-03-10,19,Connor Jennings,,11
2020-01-29,9,Liam Ridehalgh,3,
2020-01-29,3,Paul Mullin,,9
2020-01-29,20,David Perkins,17,
2020-01-29,17,Harvey Gilmour,,20
2020-01-29,45,Morgan Ferrier,10,
2020-01-29,10,Stefan Payne,,45
2020-02-01,4,Morgan Feeney,31,
2020-02-01,31,Sid Nelson,,4
2020-02-01,35,Connor Jennings,11,
2020-02-01,11,Neil Danns,,35
2020-02-08,3,Kane Wilson,22,
2020-02-08,22,Liam Ridehalgh,,3
2020-02-08,35,Calum Woods,2,
2020-02-08,2,Neil Danns,,35
2020-02-08,10,James Vaughan,19,
2020-02-08,19,Morgan Ferrier,,10
2020-02-11,4,George Ray,5,
2020-02-11,5,Sid Nelson,,4
2020-02-11,10,James Vaughan,19,
2020-02-11,19,Morgan Ferrier,,10
2020-02-22,10,Andy Cook,33,
2020-02-22,33,Morgan Ferrier,,10
2020-03-07,17,Luke McCullough,12,
2020-03-07,12,David Perkins,,17
2020-03-07,6,Corey Taylor,23,
2020-03-07,23,Emmanuel Monthe,,6
2020-03-07,35,Connor Jennings,11,
2020-03-07,11,Neil Danns,,35
2019-08-13,11,Darren Potter,8,
2019-08-13,8,Connor Jennings,,11
2019-08-13,19,Corey Taylor,23,
2019-08-13,23,Jordan Ponticelli,,19
2019-08-13,9,Morgan Ferrier,10,
2019-08-13,10,Paul Mullin,,9
2019-11-12,7,Jacob Maddox,24,
2019-11-12,24,Kieron Morris,,7
2019-11-12,18,Stefan Payne,45,
2019-11-12,45,Rushian Hepburn-Murphy,,18
2019-11-12,29,Morgan Ferrier,10,
2019-11-12,10,Danny Walker-Rice,,29
2019-10-08,3,George Ray,5,
2019-10-08,5,Liam Ridehalgh,,3
2019-10-08,9,Corey Taylor,23,
2019-10-08,23,Paul Mullin,,9
2019-11-09,23,Jake Caprice,14,
2019-11-09,14,Corey Taylor,,23
2019-11-09,10,Rushian Hepburn-Murphy,18,
2019-11-09,18,Morgan Ferrier,,10
2019-11-20,33,George Ray,5,
2019-11-20,5,Cameron Borthwick-Jackson,,33
2019-11-20,23,Morgan Ferrier,10,
2019-11-20,10,Corey Taylor,,23
2019-11-20,18,Stefan Payne,45,
2019-11-20,45,Rushian Hepburn-Murphy,,18
2019-12-01,35,Darren Potter,8,
2019-12-01,8,Neil Danns,,35
2019-12-01,11,Rushian Hepburn-Murphy,18,
2019-12-01,18,Connor Jennings,,11
2019-12-01,9,Morgan Ferrier,10,
2019-12-01,10,Paul Mullin,,9
2019-12-04,3,Calum Woods,2,
2019-12-04,2,Liam Ridehalgh,,3
2019-12-04,35,Carl Spellman,26,
2019-12-04,26,Neil Danns,,35
2019-12-04,23,Rushian Hepburn-Murphy,18,
2019-12-04,18,Corey Taylor,,23
2020-01-04,2,Sid Nelson,4,
2020-01-04,4,Calum Woods,,2
2020-01-04,9,Morgan Ferrier,10,
2020-01-04,10,Paul Mullin,,9
2020-01-04,23,Stefan Payne,45,
2020-01-04,45,Corey Taylor,,23
2020-01-07,41,Sid Nelson,4,
2020-01-07,4,Jake Burton,,41
2020-01-07,37,Luke McCullough,12,
2020-01-07,12,Joe Blackham,,37
2020-01-07,40,George Nugent,32,
2020-01-07,32,Lewis Sinnot,,40
2020-01-23,20,Neil Danns,35,
2020-01-23,35,Harvey Gilmour,,20
2020-01-23,2,Corey Taylor,23,
2020-01-23,23,Calum Woods,,2
2020-01-23,9,Morgan Ferrier,10,
2020-01-23,10,Paul Mullin,,9
2020-01-26,20,David Perkins,17,
2020-01-26,17,Harvey Gilmour,,20
2020-01-26,18,Corey Taylor,23,
2020-01-26,23,Rushian Hepburn-Murphy,,18
2020-01-26,9,Morgan Ferrier,10,
2020-01-26,10,Paul Mullin,,9
2020-09-05,28,Paul Lewis,22,
2020-09-05,22,Oliver Banks,,28
2020-09-05,7,Corey Blackett-Taylor,11,
2020-09-05,11,Kieron Morris,,7
2020-09-05,23,Morgan Ferrier,10,
2020-09-05,10,Stefan Payne,,23
2020-09-08,5,Peter Clarke,26,
2020-09-08,26,Mark Ellis,,5
2020-09-08,22,Jay Spearing,8,
2020-09-08,8,Paul Lewis,,22
2020-09-08,20,Calum MacDonald,18,
2020-09-08,18,Danny Walker-Rice,,20
2020-09-29,8,Liam Ridehalgh,3,
2020-09-29,3,Jay Spearing,,8
2020-09-29,17,Oliver Banks,28,
2020-09-29,28,Otis Khan,,17
2020-09-29,9,Kaiyne Woolery,14,
2020-09-29,14,James Vaughan,,9
2020-11-11,7,Liam Ridehalgh,3,
2020-11-11,3,Kieron Morris,,7
2020-11-11,10,Kaiyne Woolery,14,
2020-11-11,14,Morgan Ferrier,,10
2020-09-12,5,Calum MacDonald,18,
2020-09-12,18,Mark Ellis,,5
2020-09-12,23,James Vaughan,9,
2020-09-12,9,Stefan Payne,,23
2020-09-19,19,Mark Ellis,5,
2020-09-19,5,Liam Feeney,,19
2020-09-19,28,Jay Spearing,8,
2020-09-19,8,Oliver Banks,,28
2020-09-19,23,Otis Khan,17,
2020-09-19,17,Stefan Payne,,23
2020-09-26,22,Kieron Morris,7,
2020-09-26,7,Paul Lewis,,22
2020-09-26,14,Otis Khan,17,
2020-09-26,17,Kaiyne Woolery,,14
2020-10-03,18,Otis Khan,17,
2020-10-03,17,Calum MacDonald,,18
2020-10-03,22,Stefan Payne,23,
2020-10-03,23,Paul Lewis,,22
2020-10-10,20,Jake Burton,27,
2020-10-10,27,Danny Walker-Rice,,20
2020-10-17,27,Jay Spearing,8,
2020-10-17,8,Jake Burton,,27
2020-10-17,19,Oliver Banks,28,
2020-10-17,28,Liam Feeney,,19
2020-10-17,15,Otis Khan,17,
2020-10-17,17,Jack Young,,15
2020-10-20,4,Lee O'Connor,2,
2020-10-20,2,Sid Nelson,,4
2020-10-20,17,Oliver Banks,28,
2020-10-20,28,Otis Khan,,17
2020-10-24,29,Lee O'Connor,2,
2020-10-24,2,Sam Smith,,29
2020-10-24,28,Jay Spearing,8,
2020-10-24,8,Oliver Banks,,28
2020-10-24,18,Otis Khan,17,
2020-10-24,17,Calum MacDonald,,18
2020-10-27,4,Mark Ellis,5,
2020-10-27,5,Sid Nelson,,4
2020-10-27,2,Liam Ridehalgh,3,
2020-10-27,3,Lee O'Connor,,2
2020-10-27,11,Jay Spearing,8,
2020-10-27,8,Corey Blackett-Taylor,,11
2020-10-31,11,Kaiyne Woolery,14,
2020-10-31,14,Corey Blackett-Taylor,,11
2020-10-31,29,Kieron Morris,7,
2020-10-31,7,Sam Smith,,29
2020-10-31,19,Otis Khan,17,
2020-10-31,17,Liam Feeney,,19
2020-11-03,17,Kieron Morris,7,
2020-11-03,7,Otis Khan,,17
2020-11-03,14,Corey Blackett-Taylor,11,
2020-11-03,11,Kaiyne Woolery,,14
2020-11-14,29,Sid Nelson,4,
2020-11-14,4,Sam Smith,,29
2020-11-14,10,Danny Lloyd,35,
2020-11-14,35,Morgan Ferrier,,10
2020-11-14,14,Corey Blackett-Taylor,11,
2020-11-14,11,Kaiyne Woolery,,14
2020-11-21,22,Liam Feeney,19,
2020-11-21,19,Paul Lewis,,22
2020-11-21,35,Otis Khan,17,
2020-11-21,17,Danny Lloyd,,35
2020-11-21,10,James Vaughan,9,
2020-11-21,9,Morgan Ferrier,,10
2020-11-21,14,Corey Blackett-Taylor,11,
2020-11-21,11,Kaiyne Woolery,,14
2020-11-24,35,Otis Khan,17,
2020-11-24,17,Danny Lloyd,,35
2020-11-24,22,Liam Feeney,19,
2020-11-24,19,Paul Lewis,,22
2020-11-24,4,James Vaughan,9,
2020-11-24,9,Sid Nelson,,4
2020-11-24,14,Corey Blackett-Taylor,11,
2020-11-24,11,Kaiyne Woolery,,14
2020-12-01,17,Liam Feeney,19,
2020-12-01,19,Otis Khan,,17
2020-12-01,35,Kaiyne Woolery,14,
2020-12-01,14,Danny Lloyd,,35
2020-12-05,17,Kieron Morris,7,
2020-12-05,7,Otis Khan,,17
2020-12-05,35,Paul Lewis,22,
2020-12-05,22,Danny Lloyd,,35
2020-12-05,14,Corey Blackett-Taylor,11,
2020-12-05,11,Kaiyne Woolery,,14
2020-12-05,10,James Vaughan,9,
2020-12-05,9,Morgan Ferrier,,10
2020-12-12,3,Calum MacDonald,18,
2020-12-12,18,Liam Ridehalgh,,3
2020-12-12,28,Otis Khan,17,
2020-12-12,17,Oliver Banks,,28
2020-12-12,22,Kieron Morris,7,
2020-12-12,7,Paul Lewis,,22
2020-12-12,10,Danny Lloyd,35,
2020-12-12,35,Morgan Ferrier,,10
2020-12-12,11,Kaiyne Woolery,14,
2020-12-12,14,Corey Blackett-Taylor,,11
2021-02-09,16,Alister Crawford,15,
2021-02-09,15,Nya Kirby,,16
2021-02-09,12,Kaiyne Woolery,14,
2021-02-09,14,Charlie Jolley,,12
2021-02-09,7,Danny Lloyd,35,
2021-02-09,35,Kieron Morris,,7
2020-12-19,2,Kieron Morris,7,
2020-12-19,7,Lee O'Connor,,2
2020-12-19,28,Jay Spearing,8,
2020-12-19,8,Oliver Banks,,28
2020-12-19,14,Liam Feeney,19,
2020-12-19,19,Kaiyne Woolery,,14
2020-12-19,35,James Vaughan,9,
2020-12-19,9,Danny Lloyd,,35
2020-12-19,10,Corey Blackett-Taylor,11,
2020-12-19,11,Morgan Ferrier,,10
2020-12-26,22,Calum MacDonald,18,
2020-12-26,18,Paul Lewis,,22
2020-12-26,7,Danny Lloyd,35,
2020-12-26,35,Kieron Morris,,7
2020-12-26,14,Jack Young,15,
2020-12-26,15,Kaiyne Woolery,,14
2020-12-26,10,Corey Blackett-Taylor,11,
2020-12-26,11,Morgan Ferrier,,10
2020-12-29,28,Kieron Morris,7,
2020-12-29,7,Oliver Banks,,28
2020-12-29,14,Morgan Ferrier,10,
2020-12-29,10,Kaiyne Woolery,,14
2021-03-23,15,Liam Ridehalgh,3,
2021-03-23,3,Alister Crawford,,15
2021-03-23,28,Kieron Morris,7,
2021-03-23,7,David Nugent,,28
2021-03-23,16,Danny Lloyd,35,
2021-03-23,35,Nya Kirby,,16
2021-01-19,10,Danny Lloyd,35,
2021-01-19,35,Morgan Ferrier,,10
2021-01-19,7,Kaiyne Woolery,14,
2021-01-19,14,Kieron Morris,,7
2021-01-19,23,James Vaughan,9,
2021-01-19,9,Stefan Payne,,23
2021-01-16,35,Oliver Banks,28,
2021-01-16,28,Danny Lloyd,,35
2021-01-16,19,Kaiyne Woolery,14,
2021-01-16,14,Liam Feeney,,19
2021-01-16,11,Morgan Ferrier,10,
2021-01-16,10,Corey Blackett-Taylor,,11
2021-01-23,7,Danny Lloyd,35,
2021-01-23,35,Kieron Morris,,7
2021-01-23,16,Kaiyne Woolery,14,
2021-01-23,14,Nya Kirby,,16
2021-01-26,7,Kaiyne Woolery,14,
2021-01-26,14,Kieron Morris,,7
2021-01-26,10,Liam Feeney,19,
2021-01-26,19,Morgan Ferrier,,10
2021-01-26,3,Danny Lloyd,35,
2021-01-26,35,Liam Ridehalgh,,3
2021-01-26,21,James Vaughan,9,
2021-01-26,9,George Ray,,21
2021-01-30,3,Kaiyne Woolery,14,
2021-01-30,14,Liam Ridehalgh,,3
2021-01-30,35,Nya Kirby,16,
2021-01-30,16,Danny Lloyd,,35
2021-02-06,2,Liam Feeney,19,
2021-02-06,19,Lee O'Connor,,2
2021-02-06,7,Danny Lloyd,35,
2021-02-06,35,Kieron Morris,,7
2021-03-17,7,Paul Lewis,22,
2021-03-17,22,Kieron Morris,,7
2021-03-17,6,Liam Feeney,19,
2021-03-17,19,Emmanuel Monthe,,6
2021-03-17,15,David Nugent,28,
2021-03-17,28,Alister Crawford,,15
2021-03-17,35,Corey Blackett-Taylor,11,
2021-03-17,11,Danny Lloyd,,35
2021-02-20,11,Kieron Morris,7,
2021-02-20,7,Corey Blackett-Taylor,,11
2021-02-20,28,James Vaughan,9,
2021-02-20,9,David Nugent,,28
2021-02-23,2,Sid Nelson,4,
2021-02-23,4,Lee O'Connor,,2
2021-02-23,28,Kaiyne Woolery,14,
2021-02-23,14,David Nugent,,28
2021-02-23,7,Danny Lloyd,35,
2021-02-23,35,Kieron Morris,,7
2021-02-27,7,Danny Lloyd,35,
2021-02-27,35,Kieron Morris,,7
2021-02-27,28,James Vaughan,9,
2021-02-27,9,David Nugent,,28
2021-02-27,3,Kaiyne Woolery,14,
2021-02-27,14,Liam Ridehalgh,,3
2021-03-02,3,David Nugent,28,
2021-03-02,28,Liam Ridehalgh,,3
2021-03-02,35,Kieron Morris,7,
2021-03-02,7,Danny Lloyd,,35
2021-03-06,15,Lee O'Connor,2,
2021-03-06,2,Alister Crawford,,15
2021-03-06,6,George Ray,21,
2021-03-06,21,Emmanuel Monthe,,6
2021-03-06,35,Nya Kirby,16,
2021-03-06,16,Danny Lloyd,,35
2021-03-06,11,David Nugent,28,
2021-03-06,28,Corey Blackett-Taylor,,11
2021-03-09,11,Calum MacDonald,18,
2021-03-09,18,Corey Blackett-Taylor,,11
2021-03-09,28,Kieron Morris,7,
2021-03-09,7,David Nugent,,28
2021-03-09,3,Danny Lloyd,35,
2021-03-09,35,Liam Ridehalgh,,3
2021-04-13,7,Liam Feeney,19,
2021-04-13,19,Kieron Morris,,7
2021-04-13,35,Alister Crawford,15,
2021-04-13,15,Danny Lloyd,,35
2021-04-13,9,David Nugent,28,
2021-04-13,28,James Vaughan,,9
2021-04-13,2,Kaiyne Woolery,14,
2021-04-13,14,Lee O'Connor,,2
2021-03-20,6,George Ray,21,
2021-03-20,21,Emmanuel Monthe,,6
2021-03-20,22,Kieron Morris,7,
2021-03-20,7,Paul Lewis,,22
2021-03-20,3,Kaiyne Woolery,14,
2021-03-20,14,Liam Ridehalgh,,3
2021-03-20,35,David Nugent,28,
2021-03-20,28,Danny Lloyd,,35
2021-03-27,13,Scott Davies,1,
2021-03-27,1,Joe Murphy,,13
2021-03-27,16,Kieron Morris,7,
2021-03-27,7,Nya Kirby,,16
2021-03-27,28,Alister Crawford,15,
2021-03-27,15,David Nugent,,28
2021-04-02,3,George Ray,21,
2021-04-02,21,Liam Ridehalgh,,3
2021-04-02,35,Lee O'Connor,2,
2021-04-02,2,Danny Lloyd,,35
2021-04-02,28,Kieron Morris,7,
2021-04-02,7,David Nugent,,28
2021-04-02,15,Liam Feeney,19,
2021-04-02,19,Alister Crawford,,15
2021-04-05,7,Jay Spearing,8,
2021-04-05,8,Kieron Morris,,7
2021-04-05,11,Danny Lloyd,35,
2021-04-05,35,Corey Blackett-Taylor,,11
2021-04-05,28,Kaiyne Woolery,14,
2021-04-05,14,David Nugent,,28
2021-04-10,11,Alister Crawford,15,
2021-04-10,15,Corey Blackett-Taylor,,11
2021-04-10,7,Liam Feeney,19,
2021-04-10,19,Kieron Morris,,7
2021-04-10,28,Danny Lloyd,35,
2021-04-10,35,David Nugent,,28
2021-04-17,28,Kaiyne Woolery,14,
2021-04-17,14,David Nugent,,28
2021-04-17,9,Danny Lloyd,35,
2021-04-17,35,James Vaughan,,9
2021-04-17,11,Kieron Morris,7,
2021-04-17,7,Corey Blackett-Taylor,,11
2021-04-20,3,Liam Feeney,19,
2021-04-20,19,Liam Ridehalgh,,3
2021-04-20,17,Danny Lloyd,35,
2021-04-20,35,Otis Khan,,17
2021-04-24,17,Kieron Morris,7,
2021-04-24,7,Otis Khan,,17
2021-04-24,28,Danny Lloyd,35,
2021-04-24,35,David Nugent,,28
2021-05-01,12,Otis Khan,17,
2021-05-01,17,Charlie Jolley,,12
2021-05-01,35,Calum MacDonald,18,
2021-05-01,18,Danny Lloyd,,35
2021-05-01,7,Paul Lewis,22,
2021-05-01,22,Kieron Morris,,7
2021-05-01,11,Kaiyne Woolery,14,
2021-05-01,14,Corey Blackett-Taylor,,11
2021-05-08,6,George Ray,21,
2021-05-08,21,Emmanuel Monthe,,6
2021-05-08,15,Liam Feeney,19,
2021-05-08,19,Alister Crawford,,15
2021-05-08,14,Corey Blackett-Taylor,11,
2021-05-08,11,Kaiyne Woolery,,14
2021-05-08,9,David Nugent,28,
2021-05-08,28,James Vaughan,,9
2020-11-07,17,Paul Lewis,22,
2020-11-07,22,Otis Khan,,17
2020-11-07,28,Kieron Morris,7,
2020-11-07,7,Oliver Banks,,28
2020-11-07,14,Corey Blackett-Taylor,11,
2020-11-07,11,Kaiyne Woolery,,14
2020-11-27,22,Otis Khan,17,
2020-11-27,17,Paul Lewis,,22
2020-11-27,14,Liam Feeney,19,
2020-11-27,19,Kaiyne Woolery,,14
2020-11-27,35,Corey Blackett-Taylor,11,
2020-11-27,11,Danny Lloyd,,35
2020-12-08,17,Kaiyne Woolery,14,
2020-12-08,14,Otis Khan,,17
2020-12-08,7,Morgan Ferrier,10,
2020-12-08,10,Kieron Morris,,7
2021-01-10,27,Liam Ridehalgh,3,
2021-01-10,3,Jake Burton,,27
2021-01-10,7,Otis Khan,17,
2021-01-10,17,Kieron Morris,,7
2021-01-10,11,Morgan Ferrier,10,
2021-01-10,10,Corey Blackett-Taylor,,11
2021-01-13,14,Jay Spearing,8,
2021-01-13,8,Kaiyne Woolery,,14
2021-01-13,24,Danny Lloyd,35,
2021-01-13,35,Kyle Hayde,,24
2021-01-13,9,Morgan Ferrier,10,
2021-01-13,10,James Vaughan,,9
2021-01-13,25,Corey Blackett-Taylor,11,
2021-01-13,11,George Nugent,,25
2021-02-02,24,Nya Kirby,16,
2021-02-02,16,Kyle Hayde,,24
2021-02-02,20,Kieron Morris,7,
2021-02-02,7,Danny Walker-Rice,,20
2021-02-02,14,Danny Lloyd,35,
2021-02-02,35,Kaiyne Woolery,,14
2021-02-16,3,Otis Khan,17,
2021-02-16,17,Liam Ridehalgh,,3
2021-02-16,26,Kieron Morris,7,
2021-02-16,7,Peter Clarke,,26
2021-02-16,9,Nya Kirby,16,
2021-02-16,16,James Vaughan,,9
2021-02-16,8,Danny Lloyd,35,
2021-02-16,35,Jay Spearing,,8
2021-02-16,19,Kaiyne Woolery,14,
2021-02-16,14,Liam Feeney,,19
2021-03-14,27,Kieron Morris,7,
2021-03-14,7,Jake Burton,,27
2021-03-14,28,Danny Lloyd,35,
2021-03-14,35,David Nugent,,28
2021-03-14,11,Paul Lewis,22,
2021-03-14,22,Corey Blackett-Taylor,,11
2021-05-20,22,Otis Khan,17,
2021-05-20,17,Paul Lewis,,22
2021-05-20,35,Liam Feeney,19,
2021-05-20,19,Danny Lloyd,,35
2021-05-20,14,Corey Blackett-Taylor,11,
2021-05-20,11,Kaiyne Woolery,,14
2021-05-20,28,James Vaughan,9,
2021-05-20,9,David Nugent,,28
2021-05-23,17,Lee O'Connor,2,
2021-05-23,2,Otis Khan,,17
2021-05-23,18,Liam Ridehalgh,3,
2021-05-23,3,Calum MacDonald,,18
2021-05-23,28,Kieron Morris,7,
2021-05-23,7,David Nugent,,28
2021-05-23,14,Corey Blackett-Taylor,11,
2021-05-23,11,Kaiyne Woolery,,14
2021-08-07,17,Callum McManaman,14,
2021-08-07,14,Sam Foley,,17
2021-08-07,7,Paul Glatzel,16,
2021-08-07,16,Kieron Morris,,7
2021-08-07,23,Liam Feeney,11,
2021-08-07,11,Joseph Maguire,,23
2021-08-14,14,Paul Glatzel,16,
2021-08-14,16,Callum McManaman,,14
2021-08-14,10,Liam Feeney,11,
2021-08-14,11,Ryan Watson,,10
2021-08-17,17,Ryan Watson,10,
2021-08-17,10,Sam Foley,,17
2021-08-17,20,Emmanuel Dieseruvwe,9,
2021-08-17,9,Elliott Nevitt,,20
2021-08-17,16,Liam Feeney,11,
2021-08-17,11,Paul Glatzel,,16
2021-08-21,10,Sam Foley,17,
2021-08-21,17,Ryan Watson,,10
2021-08-21,9,Kieron Morris,7,
2021-08-21,7,Emmanuel Dieseruvwe,,9
2021-08-21,14,Paul Glatzel,16,
2021-08-21,16,Callum McManaman,,14
2021-08-28,6,Calum MacDonald,3,
2021-08-28,3,Chris Merrie,,6
2021-08-28,9,Ryan Watson,10,
2021-08-28,10,Emmanuel Dieseruvwe,,9
2021-08-28,7,Paul Glatzel,16,
2021-08-28,16,Kieron Morris,,7
2021-09-04,15,Mark Duffy,21,
2021-09-04,21,Josh Hawkes,,15
2021-09-04,14,Nicky Maynard,18,
2021-09-04,18,Callum McManaman,,14
2021-09-11,25,Joe Murphy,13,
2021-09-11,13,Ross Doohan,,25
2021-09-11,18,Tom Davies,5,
2021-09-11,5,Nicky Maynard,,18
2021-09-11,17,Ryan Watson,10,
2021-09-11,10,Sam Foley,,17
2021-09-11,11,Callum McManaman,14,
2021-09-11,14,Liam Feeney,,11
2021-09-18,11,Callum McManaman,14,
2021-09-18,14,Liam Feeney,,11
2021-09-18,22,Kieron Morris,7,
2021-09-18,7,Lee O'Connor,,22
2021-09-18,4,Josh Hawkes,15,
2021-09-18,15,Nathaniel Knight-Percival,,4
2021-09-25,10,Kieron Morris,7,
2021-09-25,7,Ryan Watson,,10
2021-09-25,11,Josh Hawkes,15,
2021-09-25,15,Liam Feeney,,11
2021-09-25,18,Elliott Nevitt,20,
2021-09-25,20,Nicky Maynard,,18
2021-10-02,22,Kieron Morris,7,
2021-10-02,7,Lee O'Connor,,22
2021-10-02,11,Josh Hawkes,15,
2021-10-02,15,Liam Feeney,,11
2021-10-02,18,Elliott Nevitt,20,
2021-10-02,20,Nicky Maynard,,18
2021-10-08,11,Callum McManaman,14,
2021-10-08,14,Liam Feeney,,11
2021-10-08,10,Kieron Morris,7,
2021-10-08,7,Ryan Watson,,10
2021-10-08,6,Josh Hawkes,15,
2021-10-08,15,Chris Merrie,,6
2021-10-16,10,Callum McManaman,14,
2021-10-16,14,Ryan Watson,,10
2021-10-16,22,Kieron Morris,7,
2021-10-16,7,Lee O'Connor,,22
2021-10-16,11,Josh Hawkes,15,
2021-10-16,15,Liam Feeney,,11
2021-10-19,11,Josh Hawkes,15,
2021-10-19,15,Liam Feeney,,11
2021-10-23,21,Kieron Morris,7,
2021-10-23,7,Mark Duffy,,21
2021-10-23,10,Sam Foley,17,
2021-10-23,17,Ryan Watson,,10
2021-10-23,18,Liam Feeney,11,
2021-10-23,11,Nicky Maynard,,18
2021-10-30,16,Callum McManaman,14,
2021-10-30,14,Paul Glatzel,,16
2021-10-30,21,Liam Feeney,11,
2021-10-30,11,Mark Duffy,,21
2021-10-30,20,Emmanuel Dieseruvwe,9,
2021-10-30,9,Elliott Nevitt,,20
2021-11-13,16,Kieron Morris,7,
2021-11-13,7,Paul Glatzel,,16
2021-11-13,15,Liam Feeney,11,
2021-11-13,11,Josh Hawkes,,15
2021-11-20,17,Tom Davies,5,
2021-11-20,5,Sam Foley,,17
2021-11-20,18,Elliott Nevitt,20,
2021-11-20,20,Nicky Maynard,,18
2021-11-23,14,Calum MacDonald,3,
2021-11-23,3,Callum McManaman,,14
2021-11-23,10,Josh Hawkes,15,
2021-11-23,15,Ryan Watson,,10
2021-11-23,8,Nicky Maynard,18,
2021-11-23,18,Jay Spearing,,8
2022-02-01,17,Jay Spearing,8,
2022-02-01,8,Sam Foley,,17
2022-02-01,15,Joshua McPake,21,
2022-02-01,21,Josh Hawkes,,15
2022-02-01,6,Paul Glatzel,16,
2022-02-01,16,Chris Merrie,,6
2021-12-07,7,Callum McManaman,14,
2021-12-07,14,Kieron Morris,,7
2021-12-07,22,Jay Spearing,8,
2021-12-07,8,Lee O'Connor,,22
2021-12-07,11,Josh Hawkes,15,
2021-12-07,15,Liam Feeney,,11
2021-12-11,22,Josh Hawkes,15,
2021-12-11,15,Lee O'Connor,,22
2021-12-11,6,Elliott Nevitt,20,
2021-12-11,20,Chris Merrie,,6
2021-12-11,14,Charlie Jolley,12,
2021-12-11,12,Callum McManaman,,14
2021-12-18,6,Josh Hawkes,15,
2021-12-18,15,Chris Merrie,,6
2021-12-18,10,Charlie Jolley,12,
2021-12-18,12,Ryan Watson,,10
2021-12-26,6,Jay Spearing,8,
2021-12-26,8,Chris Merrie,,6
2021-12-26,10,Josh Hawkes,15,
2021-12-26,15,Ryan Watson,,10
2021-12-26,11,Nicky Maynard,18,
2021-12-26,18,Liam Feeney,,11
2022-02-15,14,Charlie Jolley,12,
2022-02-15,12,Callum McManaman,,14
2022-01-11,16,Joshua McPake,21,
2022-01-11,21,Paul Glatzel,,16
2022-01-11,17,Elliott Nevitt,20,
2022-01-11,20,Sam Foley,,17
2022-01-08,17,Joshua McPake,21,
2022-01-08,21,Sam Foley,,17
2022-01-08,10,Charlie Jolley,12,
2022-01-08,12,Ryan Watson,,10
2022-01-08,16,Elliott Nevitt,20,
2022-01-08,20,Paul Glatzel,,16
2022-01-15,20,Kane Hemmings,10,
2022-01-15,10,Elliott Nevitt,,20
2022-01-15,17,Charlie Jolley,12,
2022-01-15,12,Sam Foley,,17
2022-01-22,6,Jay Spearing,8,
2022-01-22,8,Chris Merrie,,6
2022-01-22,14,Joshua McPake,21,
2022-01-22,21,Callum McManaman,,14
2022-01-22,20,Charlie Jolley,12,
2022-01-22,12,Elliott Nevitt,,20
2022-01-29,15,Jay Spearing,8,
2022-01-29,8,Josh Hawkes,,15
2022-01-29,20,Charlie Jolley,12,
2022-01-29,12,Elliott Nevitt,,20
2022-02-05,20,Paul Glatzel,16,
2022-02-05,16,Elliott Nevitt,,20
2022-02-08,14,Josh Hawkes,15,
2022-02-08,15,Callum McManaman,,14
2022-02-08,20,Paul Glatzel,16,
2022-02-08,16,Elliott Nevitt,,20
2022-02-08,12,Kane Hemmings,10,
2022-02-08,10,Charlie Jolley,,12
2022-02-12,17,Lewis Warrington,19,
2022-02-12,19,Sam Foley,,17
2022-02-12,21,Josh Hawkes,15,
2022-02-12,15,Joshua McPake,,21
2022-02-12,20,Charlie Jolley,12,
2022-02-12,12,Elliott Nevitt,,20
2022-02-19,21,Josh Hawkes,15,
2022-02-19,15,Joshua McPake,,21
2022-02-19,17,Kane Hemmings,10,
2022-02-19,10,Sam Foley,,17
2022-02-26,17,Josh Hawkes,15,
2022-02-26,15,Sam Foley,,17
2022-03-05,15,Callum McManaman,14,
2022-03-05,14,Josh Hawkes,,15
2022-03-05,17,Lewis Warrington,19,
2022-03-05,19,Sam Foley,,17
2022-03-05,16,Jake Burton,27,
2022-03-05,27,Paul Glatzel,,16
2022-03-11,15,Kieron Morris,7,
2022-03-11,7,Josh Hawkes,,15
2022-03-11,17,Joshua McPake,21,
2022-03-11,21,Sam Foley,,17
2022-03-11,20,Paul Glatzel,16,
2022-03-11,16,Elliott Nevitt,,20
2022-03-15,14,Joshua McPake,21,
2022-03-15,21,Callum McManaman,,14
2022-03-15,17,Kane Hemmings,10,
2022-03-15,10,Sam Foley,,17
2022-03-19,17,Joshua McPake,21,
2022-03-19,21,Sam Foley,,17
2022-03-26,12,Josh Hawkes,15,
2022-03-26,15,Charlie Jolley,,12
2022-04-02,8,Lewis Warrington,19,
2022-04-02,19,Jay Spearing,,8
2022-04-02,6,Josh Hawkes,15,
2022-04-02,15,Chris Merrie,,6
2022-04-02,4,Kane Hemmings,10,
2022-04-02,10,Nathaniel Knight-Percival,,4
2022-04-09,17,Callum McManaman,14,
2022-04-09,14,Sam Foley,,17
2022-04-09,8,Josh Hawkes,15,
2022-04-09,15,Jay Spearing,,8
2022-04-15,15,Lee O'Connor,22,
2022-04-15,22,Josh Hawkes,,15
2022-04-15,14,Jay Spearing,8,
2022-04-15,8,Callum McManaman,,14
2022-04-15,18,Elliott Nevitt,20,
2022-04-15,20,Nicky Maynard,,18
2022-04-18,21,Callum McManaman,14,
2022-04-18,14,Joshua McPake,,21
2022-04-18,17,Josh Hawkes,15,
2022-04-18,15,Sam Foley,,17
2022-04-23,18,Lee O'Connor,22,
2022-04-23,22,Nicky Maynard,,18
2022-04-23,8,Josh Hawkes,15,
2022-04-23,15,Jay Spearing,,8
2022-04-30,21,Kieron Morris,7,
2022-04-30,7,Joshua McPake,,21
2022-04-30,17,Elliott Nevitt,20,
2022-04-30,20,Sam Foley,,17
2022-05-07,8,Lee O'Connor,22,
2022-05-07,22,Jay Spearing,,8
2022-05-07,14,Josh Hawkes,15,
2022-05-07,15,Callum McManaman,,14
2022-05-07,17,Elliott Nevitt,20,
2022-05-07,20,Sam Foley,,17
2021-08-10,8,Ryan Watson,10,
2021-08-10,10,Jay Spearing,,8
2021-08-10,11,Callum McManaman,14,
2021-08-10,14,Liam Feeney,,11
2021-08-10,9,Elliott Nevitt,20,
2021-08-10,20,Emmanuel Dieseruvwe,,9
2021-09-14,23,Calum MacDonald,3,
2021-09-14,3,Joseph Maguire,,23
2021-09-14,15,Mark Duffy,21,
2021-09-14,21,Josh Hawkes,,15
2021-09-14,9,Nicky Maynard,18,
2021-09-14,18,Emmanuel Dieseruvwe,,9
2021-10-05,19,Paul Glatzel,16,
2021-10-05,16,Stephen Walker,,19
2021-10-05,20,Mark Duffy,21,
2021-10-05,21,Elliott Nevitt,,20
2021-10-05,9,Nicky Maynard,18,
2021-10-05,18,Emmanuel Dieseruvwe,,9
2021-11-09,3,Kieron Morris,7,
2021-11-09,7,Calum MacDonald,,3
2021-11-09,10,Stephen Walker,19,
2021-11-09,19,Ryan Watson,,10
2021-11-09,9,Nicky Maynard,18,
2021-11-09,18,Emmanuel Dieseruvwe,,9
2021-11-06,5,Ryan Watson,10,
2021-11-06,10,Tom Davies,,5
2021-11-06,17,Liam Feeney,11,
2021-11-06,11,Sam Foley,,17
2021-11-06,9,Elliott Nevitt,20,
2021-11-06,20,Emmanuel Dieseruvwe,,9
2021-12-04,17,Jay Spearing,8,
2021-12-04,8,Sam Foley,,17
2021-12-04,10,Josh Hawkes,15,
2021-12-04,15,Ryan Watson,,10
2021-12-04,14,Calum MacDonald,3,
2021-12-04,3,Callum McManaman,,14
2021-12-04,20,Paul Glatzel,16,
2021-12-04,16,Elliott Nevitt,,20
2021-12-04,9,Nicky Maynard,18,
2021-12-04,18,Emmanuel Dieseruvwe,,9
2021-12-21,26,Joseph Maguire,23,
2021-12-21,23,Peter Clarke,,26
2021-12-21,22,Chris Merrie,6,
2021-12-21,6,Lee O'Connor,,22
2021-12-21,17,Mark Duffy,21,
2021-12-21,21,Sam Foley,,17
2021-12-21,12,Liam Feeney,11,
2021-12-21,11,Charlie Jolley,,12
2021-12-21,20,Nicky Maynard,18,
2021-12-21,18,Elliott Nevitt,,20
2022-07-30,16,Luke Robinson,21,
2022-07-30,21,Jon Nolan,,16
2022-07-30,22,Josh Hawkes,11,
2022-07-30,11,Paul Lewis,,22
2022-08-06,16,Reece McAlear,8,
2022-08-06,8,Jon Nolan,,16
2022-08-13,11,Jordan Turnbull,14,
2022-08-13,14,Josh Hawkes,,11
2022-08-13,25,Paul Lewis,22,
2022-08-13,22,Joel Mumbongo,,25
2022-08-13,16,Elliott Nevitt,20,
2022-08-13,20,Jon Nolan,,16
2022-08-16,11,Jordan Turnbull,14,
2022-08-16,14,Josh Hawkes,,11
2022-08-16,25,Elliott Nevitt,20,
2022-08-16,20,Joel Mumbongo,,25
2022-08-20,11,Reece McAlear,8,
2022-08-20,8,Josh Hawkes,,11
2022-08-20,4,Paul Lewis,22,
2022-08-20,22,Lee O'Connor,,4
2022-08-20,16,Chris Merrie,6,
2022-08-20,6,Jon Nolan,,16
2022-08-27,17,Reece McAlear,8,
2022-08-27,8,Rhys Hughes,,17
2022-08-27,22,Jon Nolan,16,
2022-08-27,16,Paul Lewis,,22
2022-08-27,27,Elliott Nevitt,20,
2022-08-27,20,Jake Burton,,27
2022-09-03,17,Reece McAlear,8,
2022-09-03,8,Rhys Hughes,,17
2022-09-03,26,Josh Hawkes,11,
2022-09-03,11,Dynel Simeu,,26
2022-09-03,22,Jon Nolan,16,
2022-09-03,16,Paul Lewis,,22
2022-09-03,27,Elliott Nevitt,20,
2022-09-03,20,Jake Burton,,27
2022-11-01,22,Elliott Nevitt,20,
2022-11-01,20,Paul Lewis,,22
2022-09-13,11,Paul Lewis,22,
2022-09-13,22,Josh Hawkes,,11
2022-09-13,9,Elliott Nevitt,20,
2022-09-13,20,Paul Glatzel,,9
2022-09-17,7,Rhys Hughes,17,
2022-09-17,17,Kieron Morris,,7
2022-09-17,22,Josh Hawkes,11,
2022-09-17,11,Paul Lewis,,22
2022-09-17,19,Elliott Nevitt,20,
2022-09-17,20,Neill Byrne,,19
2022-09-24,7,Rhys Hughes,17,
2022-09-24,17,Kieron Morris,,7
2022-09-24,20,Paul Lewis,22,
2022-09-24,22,Elliott Nevitt,,20
2022-10-01,19,Kieron Morris,7,
2022-10-01,7,Neill Byrne,,19
2022-10-01,8,Chris Merrie,6,
2022-10-01,6,Reece McAlear,,8
2022-10-01,17,Josh Hawkes,11,
2022-10-01,11,Rhys Hughes,,17
2022-10-01,22,Elliott Nevitt,20,
2022-10-01,20,Paul Lewis,,22
2022-10-08,17,Kieron Morris,7,
2022-10-08,7,Rhys Hughes,,17
2022-10-08,20,Paul Lewis,22,
2022-10-08,22,Elliott Nevitt,,20
2022-10-14,17,Josh Hawkes,11,
2022-10-14,11,Rhys Hughes,,17
2022-10-14,27,Kane Hemmings,10,
2022-10-14,10,Jake Burton,,27
2022-10-14,20,Paul Lewis,22,
2022-10-14,22,Elliott Nevitt,,20
2022-10-22,17,Josh Hawkes,11,
2022-10-22,11,Rhys Hughes,,17
2022-10-29,16,Chris Merrie,6,
2022-10-29,6,Jon Nolan,,16
2022-10-29,27,Elliott Nevitt,20,
2022-10-29,20,Jake Burton,,27
2022-11-12,5,Kieron Morris,7,
2022-11-12,7,Tom Davies,,5
2022-11-12,17,Josh Hawkes,11,
2022-11-12,11,Rhys Hughes,,17
2022-11-12,27,Elliott Nevitt,20,
2022-11-12,20,Jake Burton,,27
2022-11-19,20,Chris Merrie,6,
2022-11-19,6,Elliott Nevitt,,20
2022-11-19,19,Josh Hawkes,11,
2022-11-19,11,Neill Byrne,,19
2022-12-03,20,Paul Lewis,22,
2022-12-03,22,Elliott Nevitt,,20
2022-12-10,25,Lee O'Connor,4,
2022-12-10,4,Joel Mumbongo,,25
2022-12-10,27,Paul Lewis,22,
2022-12-10,22,Jake Burton,,27
2023-02-28,6,Logan Chalmers,19,
2023-02-28,19,Chris Merrie,,6
2023-02-28,27,Lee O'Connor,4,
2023-02-28,4,Jake Burton,,27
2023-02-28,20,Regan Hendry,24,
2023-02-28,24,Brad Walker,,20
2022-12-26,8,Josh Hawkes,11,
2022-12-26,11,Reece McAlear,,8
2022-12-26,22,Joel Mumbongo,25,
2022-12-26,25,Paul Lewis,,22
2022-12-26,27,Kane Hemmings,10,
2022-12-26,10,Jake Burton,,27
2022-12-29,26,Josh Hawkes,11,
2022-12-29,11,Dynel Simeu,,26
2022-12-29,22,Joel Mumbongo,25,
2022-12-29,25,Paul Lewis,,22
2023-01-01,16,Josh Hawkes,11,
2023-01-01,11,Jon Nolan,,16
2023-01-01,25,Elliott Nevitt,20,
2023-01-01,20,Joel Mumbongo,,25
2023-01-07,8,Josh Hawkes,11,
2023-01-07,11,Reece McAlear,,8
2023-01-07,20,Joel Mumbongo,25,
2023-01-07,25,Elliott Nevitt,,20
2023-01-14,27,Joel Mumbongo,25,
2023-01-14,25,Jake Burton,,27
2023-02-07,22,Brad Walker,20,
2023-02-07,20,Paul Lewis,,22
2023-02-07,19,Josh Hawkes,11,
2023-02-07,11,Logan Chalmers,,19
2023-02-07,27,Kane Hemmings,10,
2023-02-07,10,Jake Burton,,27
2023-02-07,25,Harvey Saunders,26,
2023-02-07,26,Joel Mumbongo,,25
2023-01-28,20,Chris Merrie,6,
2023-01-28,6,Brad Walker,,20
2023-01-28,19,Josh Hawkes,11,
2023-01-28,11,Logan Chalmers,,19
2023-01-28,27,Harvey Saunders,26,
2023-01-28,26,Jake Burton,,27
2023-02-04,24,Chris Merrie,6,
2023-02-04,6,Regan Hendry,,24
2023-02-04,22,Lee O'Connor,4,
2023-02-04,4,Paul Lewis,,22
2023-02-04,19,Josh Hawkes,11,
2023-02-04,11,Logan Chalmers,,19
2023-02-04,27,Harvey Saunders,26,
2023-02-04,26,Jake Burton,,27
2023-02-04,25,Kane Hemmings,10,
2023-02-04,10,Joel Mumbongo,,25
2023-02-11,33,Regan Hendry,24,
2023-02-11,24,Jay Turner-Cooke,,33
2023-02-11,19,Josh Hawkes,11,
2023-02-11,11,Logan Chalmers,,19
2023-02-11,25,Harvey Saunders,26,
2023-02-11,26,Joel Mumbongo,,25
2023-02-11,6,Kane Hemmings,10,
2023-02-11,10,Chris Merrie,,6
2023-02-14,19,Kieron Morris,7,
2023-02-14,7,Logan Chalmers,,19
2023-02-14,33,Josh Hawkes,11,
2023-02-14,11,Jay Turner-Cooke,,33
2023-02-14,25,Kane Hemmings,10,
2023-02-14,10,Joel Mumbongo,,25
2023-02-18,19,Jay Turner-Cooke,33,
2023-02-18,33,Logan Chalmers,,19
2023-02-18,27,Joel Mumbongo,25,
2023-02-18,25,Jake Burton,,27
2023-02-25,6,Jay Turner-Cooke,33,
2023-02-25,33,Chris Merrie,,6
2023-02-25,18,Josh Hawkes,11,
2023-02-25,11,Kyle Jameson,,18
2023-02-25,27,Harvey Saunders,26,
2023-02-25,26,Jake Burton,,27
2023-03-04,33,Brad Walker,20,
2023-03-04,20,Jay Turner-Cooke,,33
2023-03-04,27,Paul Lewis,22,
2023-03-04,22,Jake Burton,,27
2023-03-11,19,Josh Hawkes,11,
2023-03-11,11,Logan Chalmers,,19
2023-03-11,25,Jake Burton,27,
2023-03-11,27,Joel Mumbongo,,25
2023-03-18,17,Logan Chalmers,19,
2023-03-18,19,Rhys Hughes,,17
2023-03-18,25,Jake Burton,27,
2023-03-18,27,Joel Mumbongo,,25
2023-03-25,4,Rhys Hughes,17,
2023-03-25,17,Lee O'Connor,,4
2023-03-25,33,Josh Hawkes,11,
2023-03-25,11,Jay Turner-Cooke,,33
2023-03-25,19,Harvey Saunders,26,
2023-03-25,26,Logan Chalmers,,19
2023-03-25,27,Joel Mumbongo,25,
2023-03-25,25,Jake Burton,,27
2023-03-31,27,Rhys Hughes,17,
2023-03-31,17,Jake Burton,,27
2023-03-31,10,Joel Mumbongo,25,
2023-03-31,25,Kane Hemmings,,10
2023-04-07,34,Chris Merrie,6,
2023-04-07,6,Florent Hoti,,34
2023-04-07,25,Rhys Hughes,17,
2023-04-07,17,Joel Mumbongo,,25
2023-04-07,4,Josh Hawkes,11,
2023-04-07,11,Lee O'Connor,,4
2023-04-07,19,Harvey Saunders,26,
2023-04-07,26,Logan Chalmers,,19
2023-04-07,32,Kane Hemmings,10,
2023-04-07,10,Samuel Taylor,,32
2023-04-10,34,Logan Chalmers,19,
2023-04-10,19,Florent Hoti,,34
2023-04-10,33,Harvey Saunders,26,
2023-04-10,26,Jay Turner-Cooke,,33
2023-04-15,33,Lee O'Connor,4,
2023-04-15,4,Jay Turner-Cooke,,33
2023-04-15,17,Logan Chalmers,19,
2023-04-15,19,Rhys Hughes,,17
2023-04-15,27,Josh Hawkes,11,
2023-04-15,11,Jake Burton,,27
2023-04-15,32,Harvey Saunders,26,
2023-04-15,26,Samuel Taylor,,32
2023-04-18,34,Josh Hawkes,11,
2023-04-18,11,Florent Hoti,,34
2023-04-18,4,Jay Turner-Cooke,33,
2023-04-18,33,Lee O'Connor,,4
2023-04-22,4,Jay Turner-Cooke,33,
2023-04-22,33,Lee O'Connor,,4
2023-04-22,27,Rhys Hughes,17,
2023-04-22,17,Jake Burton,,27
2023-04-22,34,Kane Hemmings,10,
2023-04-22,10,Florent Hoti,,34
2023-04-29,34,Jay Turner-Cooke,33,
2023-04-29,33,Florent Hoti,,34
2023-04-29,4,Rhys Hughes,17,
2023-04-29,17,Lee O'Connor,,4
2023-04-29,32,Harvey Saunders,26,
2023-04-29,26,Samuel Taylor,,32
2023-05-08,25,Jordan Turnbull,14,
2023-05-08,14,Joel Mumbongo,,25
2023-05-08,27,Lee O'Connor,4,
2023-05-08,4,Jake Burton,,27
2023-05-08,33,Rhys Hughes,17,
2023-05-08,17,Jay Turner-Cooke,,33
2022-08-09,8,Jordan Turnbull,14,
2022-08-09,14,Reece McAlear,,8
2022-08-09,17,Lee O'Connor,4,
2022-08-09,4,Rhys Hughes,,17
2022-08-09,25,Chris Merrie,6,
2022-08-09,6,Joel Mumbongo,,25
2022-10-04,32,Paul Lewis,22,
2022-10-04,22,Samuel Taylor,,32
2022-10-04,30,Jake Burton,27,
2022-10-04,27,Arthur Lomax,,30
2022-09-20,30,Kieron Morris,7,
2022-09-20,7,Arthur Lomax,,30
2022-09-20,10,Paul Lewis,22,
2022-09-20,22,Kane Hemmings,,10
2022-09-20,27,Elliott Nevitt,20,
2022-09-20,20,Jake Burton,,27
2022-10-18,4,Josh Dacres-Cogley,2,
2022-10-18,2,Lee O'Connor,,4
2022-10-18,6,Kyle Jameson,18,
2022-10-18,18,Chris Merrie,,6
2022-10-18,11,Arthur Lomax,30,
2022-10-18,30,Josh Hawkes,,11
2022-10-18,20,Jake Burton,27,
2022-10-18,27,Elliott Nevitt,,20
2022-10-18,7,Samuel Taylor,32,
2022-10-18,32,Kieron Morris,,7
2022-08-24,22,Kyle Jameson,18,
2022-08-24,18,Paul Lewis,,22
2022-08-24,11,Jon Nolan,16,
2022-08-24,16,Josh Hawkes,,11
2022-11-05,32,Dynel Simeu,26,
2022-11-05,26,Samuel Taylor,,32
2022-11-05,19,Tom Davies,5,
2022-11-05,5,Neill Byrne,,19
2022-11-05,11,Kyle Jameson,18,
2022-11-05,18,Josh Hawkes,,11
2022-11-05,8,Lee O'Connor,4,
2022-11-05,4,Reece McAlear,,8
2022-11-05,20,Paul Lewis,22,
2022-11-05,22,Elliott Nevitt,,20
2022-11-22,17,Kieron Morris,7,
2022-11-22,7,Rhys Hughes,,17
2022-11-22,11,Jon Nolan,16,
2022-11-22,16,Josh Hawkes,,11
2022-11-22,22,Elliott Nevitt,20,
2022-11-22,20,Paul Lewis,,22
2023-08-05,14,Lee O'Connor,2,
2023-08-05,2,Kristian Dennis,,14
2023-08-05,7,Brad Walker,4,
2023-08-05,4,Kieron Morris,,7
2023-08-05,23,Harvey Saunders,19,
2023-08-05,19,Reece McAlear,,23
2023-08-05,9,Connor Jennings,18,
2023-08-05,18,Luke Norris,,9
2023-08-05,20,Josh Hawkes,11,
2023-08-05,11,Samuel Taylor,,20
2012-08-18,22,Andy Robinson,10,
2012-08-18,10,Abdulai Bell-Baggie,,22
2012-08-18,16,Jean-Louis Akpa Akpro,26,
2012-08-18,26,Cole Stockton,,16
2012-08-21,22,Andy Robinson,10,
2012-08-21,10,Abdulai Bell-Baggie,,22
2012-08-21,17,Joe Thompson,7,
2012-08-21,7,Max Power,,17
2012-08-21,16,Jean-Louis Akpa Akpro,26,
2012-08-21,26,Cole Stockton,,16
2012-08-25,22,Joe Thompson,7,
2012-08-25,7,Abdulai Bell-Baggie,,22
2012-08-25,16,Jake Cassidy,9,
2012-08-25,9,Cole Stockton,,16
2012-09-01,15,Andy Robinson,10,
2012-09-01,10,Jake Kirby,,15
2012-09-01,16,Jake Cassidy,9,
2012-09-01,9,Cole Stockton,,16
2012-09-08,11,Abdulai Bell-Baggie,22,
2012-09-08,22,Adam McGurk,,11
2012-09-15,12,Andy Robinson,10,
2012-09-15,10,Danny Harrison,,12
2012-09-15,15,James Wallace,8,
2012-09-15,8,Jake Kirby,,15
2012-09-15,7,Abdulai Bell-Baggie,22,
2012-09-15,22,Joe Thompson,,7
2012-09-18,15,Andy Robinson,10,
2012-09-18,10,Jake Kirby,,15
2012-09-18,7,Abdulai Bell-Baggie,22,
2012-09-18,22,Joe Thompson,,7
2012-09-18,16,Jean-Louis Akpa Akpro,26,
2012-09-18,26,Cole Stockton,,16
2012-09-22,19,Andy Robinson,10,
2012-09-22,10,Michael Kay,,19
2012-09-22,12,Joe Thompson,7,
2012-09-22,7,Danny Harrison,,12
2012-09-29,11,Joe Thompson,7,
2012-09-29,7,Adam McGurk,,11
2012-09-29,12,James Wallace,8,
2012-09-29,8,Danny Harrison,,12
2012-10-02,11,Andy Robinson,10,
2012-10-02,10,Adam McGurk,,11
2012-10-06,7,Jean-Louis Akpa Akpro,26,
2012-10-06,26,Joe Thompson,,7
2012-10-13,16,Joe Thompson,7,
2012-10-13,7,Cole Stockton,,16
2012-10-13,3,Adam McGurk,11,
2012-10-13,11,Paul Black,,3
2012-10-20,3,Jake Jervis,24,
2012-10-20,24,Paul Black,,3
2012-10-20,7,Abdulai Bell-Baggie,22,
2012-10-20,22,Joe Thompson,,7
2012-10-23,7,Andy Robinson,10,
2012-10-23,10,Joe Thompson,,7
2012-10-23,16,Adam McGurk,11,
2012-10-23,11,Cole Stockton,,16
2012-10-27,16,Adam McGurk,11,
2012-10-27,11,Cole Stockton,,16
2012-10-27,7,Nathan Eccleston,25,
2012-10-27,25,Joe Thompson,,7
2012-11-07,11,Abdulai Bell-Baggie,22,
2012-11-07,22,Adam McGurk,,11
2012-11-07,16,Jake Jervis,24,
2012-11-07,24,Cole Stockton,,16
2012-11-10,19,Danny Holmes,2,
2012-11-10,2,Michael Kay,,19
2012-11-10,12,Joe Thompson,7,
2012-11-10,7,Danny Harrison,,12
2012-11-10,16,Jake Jervis,24,
2012-11-10,24,Cole Stockton,,16
2012-11-16,16,Adam McGurk,11,
2012-11-16,11,Cole Stockton,,16
2012-11-16,12,Jake Jervis,24,
2012-11-16,24,Danny Harrison,,12
2012-11-20,17,Liam Palmer,6,
2012-11-20,6,Max Power,,17
2012-11-20,3,Cole Stockton,16,
2012-11-20,16,Paul Black,,3
2012-11-20,15,Adam McGurk,11,
2012-11-20,11,Jake Kirby,,15
2012-11-24,3,Andy Robinson,10,
2012-11-24,10,Paul Black,,3
2012-12-08,16,Adam McGurk,11,
2012-12-08,11,Cole Stockton,,16
2012-12-15,7,Andy Robinson,10,
2012-12-15,10,Joe Thompson,,7
2012-12-21,3,Zoumana Bakayogo,14,
2012-12-21,14,Paul Black,,3
2012-12-21,19,Danny Holmes,2,
2012-12-21,2,Michael Kay,,19
2012-12-21,23,Ian Goodison,5,
2012-12-21,5,Donervon Daniels,,23
2012-12-26,7,Andy Robinson,10,
2012-12-26,10,Joe Thompson,,7
2012-12-29,16,Michael O'Halloran,20,
2012-12-29,20,Cole Stockton,,16
2012-12-29,7,Adam McGurk,11,
2012-12-29,11,Joe Thompson,,7
2013-01-01,7,Andy Robinson,10,
2013-01-01,10,Joe Thompson,,7
2013-01-01,16,Adam McGurk,11,
2013-01-01,11,Cole Stockton,,16
2013-01-16,16,Danny Harrison,12,
2013-01-16,12,Cole Stockton,,16
2013-01-16,11,Michael O'Halloran,20,
2013-01-16,20,Adam McGurk,,11
2013-01-16,22,David Amoo,18,
2013-01-16,18,Abdulai Bell-Baggie,,22
2013-01-12,26,Andy Robinson,10,
2013-01-12,10,Jean-Louis Akpa Akpro,,26
2013-01-12,12,Adam McGurk,11,
2013-01-12,11,Danny Harrison,,12
2013-01-19,22,Andy Robinson,10,
2013-01-19,10,Abdulai Bell-Baggie,,22
2013-01-19,16,Jean-Louis Akpa Akpro,26,
2013-01-19,26,Cole Stockton,,16
2013-01-19,20,Adam McGurk,11,
2013-01-19,11,Michael O'Halloran,,20
2013-02-19,3,Cole Stockton,16,
2013-02-19,16,Paul Black,,3
2013-02-19,22,David Amoo,18,
2013-02-19,18,Abdulai Bell-Baggie,,22
2013-02-02,22,Max Power,17,
2013-02-02,17,Abdulai Bell-Baggie,,22
2013-02-02,20,Adam McGurk,11,
2013-02-02,11,Michael O'Halloran,,20
2013-02-02,16,David Amoo,18,
2013-02-02,18,Cole Stockton,,16
2013-02-09,22,David Amoo,18,
2013-02-09,18,Abdulai Bell-Baggie,,22
2013-02-09,20,Adam McGurk,11,
2013-02-09,11,Michael O'Halloran,,20
2013-02-15,12,Danny Holmes,2,
2013-02-15,2,Danny Harrison,,12
2013-02-15,18,Michael O'Halloran,20,
2013-02-15,20,David Amoo,,18
2013-02-15,24,Cole Stockton,16,
2013-02-15,16,Paul Corry,,24
2013-02-23,3,Andy Robinson,10,
2013-02-23,10,Paul Black,,3
2013-02-23,16,Mamady Sidibe,25,
2013-02-23,25,Cole Stockton,,16
2013-02-26,23,Ian Goodison,5,
2013-02-26,5,Donervon Daniels,,23
2013-02-26,16,Andy Robinson,10,
2013-02-26,10,Cole Stockton,,16
2013-02-26,3,Abdulai Bell-Baggie,22,
2013-02-26,22,Paul Black,,3
2013-03-02,16,Mamady Sidibe,25,
2013-03-02,25,Cole Stockton,,16
2013-03-02,18,Abdulai Bell-Baggie,22,
2013-03-02,22,David Amoo,,18
2013-03-02,6,Michael O'Halloran,20,
2013-03-02,20,Liam Palmer,,6
2013-03-09,16,Paul Corry,24,
2013-03-09,24,Cole Stockton,,16
2013-03-09,18,Michael O'Halloran,20,
2013-03-09,20,David Amoo,,18
2013-03-09,12,Abdulai Bell-Baggie,22,
2013-03-09,22,Danny Harrison,,12
2013-03-12,23,Ian Goodison,5,
2013-03-12,5,Donervon Daniels,,23
2013-03-12,16,Michael O'Halloran,20,
2013-03-12,20,Cole Stockton,,16
2013-03-12,18,Abdulai Bell-Baggie,22,
2013-03-12,22,David Amoo,,18
2013-03-16,16,Zoumana Bakayogo,14,
2013-03-16,14,Cole Stockton,,16
2013-03-16,22,Danny Harrison,12,
2013-03-16,12,Abdulai Bell-Baggie,,22
2013-03-24,18,Zoumana Bakayogo,14,
2013-03-24,14,David Amoo,,18
2013-03-24,20,Abdulai Bell-Baggie,22,
2013-03-24,22,Michael O'Halloran,,20
2013-03-29,11,Abdulai Bell-Baggie,22,
2013-03-29,22,Adam McGurk,,11
2013-04-01,16,Zoumana Bakayogo,14,
2013-04-01,14,Cole Stockton,,16
2013-04-06,20,Sean McGinty,27,
2013-04-06,27,Michael O'Halloran,,20
2013-04-06,5,Max Power,17,
2013-04-06,17,Ian Goodison,,5
2013-04-06,7,Abdulai Bell-Baggie,22,
2013-04-06,22,Joe Thompson,,7
2013-04-13,20,Andy Robinson,10,
2013-04-13,10,Michael O'Halloran,,20
2013-04-13,7,Abdulai Bell-Baggie,22,
2013-04-13,22,Joe Thompson,,7
2013-04-13,16,Mamady Sidibe,25,
2013-04-13,25,Cole Stockton,,16
2013-04-20,22,Michael O'Halloran,20,
2013-04-20,20,Abdulai Bell-Baggie,,22
2013-04-20,16,Mamady Sidibe,25,
2013-04-20,25,Cole Stockton,,16
2013-04-27,22,Andy Robinson,10,
2013-04-27,10,Abdulai Bell-Baggie,,22
2013-04-27,12,Liam Palmer,6,
2013-04-27,6,Danny Harrison,,12
2013-04-27,11,Mamady Sidibe,25,
2013-04-27,25,Adam McGurk,,11
2013-08-06,22,James Rowe,12,
2013-08-06,12,Jason Koumas,,22
2013-08-06,26,Akpo Sodje,19,
2013-08-06,19,Jean-Louis Akpa Akpro,,26
2013-08-03,,Jean-Louis Akpa Akpro,,
2013-08-03,,Abdulai Bell-Baggie,,
2013-08-03,,Chris Atkinson,,
2013-08-03,,Jason Koumas,,
2013-08-10,,Max Power,,
2013-08-10,,Jason Koumas,,
2013-08-10,,Akpo Sodje,,
2013-08-10,,Jean-Louis Akpa Akpro,,
2013-08-17,12,Max Power,17,
2013-08-17,17,James Rowe,,12
2013-08-17,22,Andy Robinson,10,
2013-08-17,10,Jason Koumas,,22
2013-08-17,18,Joe Thompson,7,
2013-08-17,7,Andrai Jones,,18
2013-08-24,5,Steve Foster,6,
2013-08-24,6,Ian Goodison,,5
2013-08-24,22,Abdulai Bell-Baggie,11,
2013-08-24,11,Jason Koumas,,22
2013-08-24,16,Ryan Lowe,9,
2013-08-24,9,Cole Stockton,,16
2013-08-31,9,Jason Koumas,22,
2013-08-31,22,Ryan Lowe,,9
2013-08-31,19,Jean-Louis Akpa Akpro,26,
2013-08-31,26,Akpo Sodje,,19
2013-09-07,4,Ian Goodison,5,
2013-09-07,5,Ash Taylor,,4
2013-09-07,19,Joe Thompson,7,
2013-09-07,7,Akpo Sodje,,19
2013-09-14,11,James Rowe,12,
2013-09-14,12,Abdulai Bell-Baggie,,11
2013-09-14,16,Ryan Lowe,9,
2013-09-14,9,Cole Stockton,,16
2013-09-14,10,Joe Thompson,7,
2013-09-14,7,Andy Robinson,,10
2013-09-21,11,James Rowe,12,
2013-09-21,12,Abdulai Bell-Baggie,,11
2013-09-21,16,Joe Thompson,7,
2013-09-21,7,Cole Stockton,,16
2013-09-28,17,James Rowe,12,
2013-09-28,12,Max Power,,17
2013-09-28,5,Joe Thompson,7,
2013-09-28,7,Ian Goodison,,5
2013-09-28,19,Cole Stockton,16,
2013-09-28,16,Akpo Sodje,,19
2013-10-05,11,Liam Ridehalgh,23,
2013-10-05,23,Abdulai Bell-Baggie,,11
2013-10-05,12,Tom Hateley,6,
2013-10-05,6,James Rowe,,12
2013-10-05,16,Akpo Sodje,19,
2013-10-05,19,Cole Stockton,,16
2013-10-13,3,Jimmy McNulty,20,
2013-10-13,20,Evan Horwood,,3
2013-10-13,11,Jake Kirby,15,
2013-10-13,15,Abdulai Bell-Baggie,,11
2013-10-13,16,Ryan Lowe,9,
2013-10-13,9,Cole Stockton,,16
2013-10-19,19,Tom Hateley,6,
2013-10-19,6,Akpo Sodje,,19
2013-10-19,11,Liam Ridehalgh,23,
2013-10-19,23,Abdulai Bell-Baggie,,11
2013-10-22,12,Chris Atkinson,14,
2013-10-22,14,James Rowe,,12
2013-10-22,11,Tom Hateley,6,
2013-10-22,6,Abdulai Bell-Baggie,,11
2013-10-22,16,Steven Jennings,18,
2013-10-22,18,Cole Stockton,,16
2013-10-26,18,Danny Holmes,2,
2013-10-26,2,Steven Jennings,,18
2013-10-26,12,Tom Hateley,6,
2013-10-26,6,James Rowe,,12
2013-10-26,3,Abdulai Bell-Baggie,11,
2013-10-26,11,Evan Horwood,,3
2013-11-02,22,Tom Hateley,6,
2013-11-02,6,Jason Koumas,,22
2013-11-16,26,Abdulai Bell-Baggie,11,
2013-11-16,11,Jean-Louis Akpa Akpro,,26
2013-11-23,3,Max Power,17,
2013-11-23,17,Evan Horwood,,3
2013-11-23,19,Ryan Lowe,9,
2013-11-23,9,Akpo Sodje,,19
2013-11-23,8,Jason Koumas,22,
2013-11-23,22,James Wallace,,8
2013-11-26,8,Max Power,17,
2013-11-26,17,James Wallace,,8
2013-11-26,11,Jake Kirby,15,
2013-11-26,15,Abdulai Bell-Baggie,,11
2013-11-26,19,Jason Koumas,22,
2013-11-26,22,Akpo Sodje,,19
2013-11-30,2,Jon Otsemobor,31,
2013-11-30,31,Danny Holmes,,2
2013-11-30,12,James Wallace,8,
2013-11-30,8,James Rowe,,12
2013-11-30,3,Ian Goodison,5,
2013-11-30,5,Evan Horwood,,3
2013-12-14,12,Chris Atkinson,14,
2013-12-14,14,James Rowe,,12
2013-12-20,10,Kristoffer Peterson,25,
2013-12-20,25,Andy Robinson,,10
2013-12-20,16,Jean-Louis Akpa Akpro,26,
2013-12-20,26,Cole Stockton,,16
2013-12-20,3,Jake Kirby,15,
2013-12-20,15,Evan Horwood,,3
2013-12-26,17,Chris Atkinson,14,
2013-12-26,14,Max Power,,17
2013-12-26,18,James Wallace,8,
2013-12-26,8,Steven Jennings,,18
2013-12-26,15,Andy Robinson,10,
2013-12-26,10,Jake Kirby,,15
2013-12-29,17,Danny Holmes,2,
2013-12-29,2,Max Power,,17
2013-12-29,26,Chris Atkinson,14,
2013-12-29,14,Jean-Louis Akpa Akpro,,26
2013-12-29,15,Andy Robinson,10,
2013-12-29,10,Jake Kirby,,15
2014-01-01,17,Jason Koumas,22,
2014-01-01,22,Max Power,,17
2014-01-01,15,Andy Robinson,10,
2014-01-01,10,Jake Kirby,,15
2014-04-15,12,Jake Kirby,15,
2014-04-15,15,James Rowe,,12
2014-04-15,16,Junior Brown,20,
2014-04-15,20,Cole Stockton,,16
2014-01-11,26,Matthew Kennedy,20,
2014-01-11,20,Jean-Louis Akpa Akpro,,26
2014-01-11,16,Jason Koumas,22,
2014-01-11,22,Cole Stockton,,16
2014-01-11,15,Andy Robinson,10,
2014-01-11,10,Jake Kirby,,15
2014-01-18,3,Liam Ridehalgh,23,
2014-01-18,23,Evan Horwood,,3
2014-01-18,17,James Rowe,12,
2014-01-18,12,Max Power,,17
2014-01-18,16,Jason Koumas,22,
2014-01-18,22,Cole Stockton,,16
2014-01-25,16,Jake Cassidy,14,
2014-01-25,14,Cole Stockton,,16
2014-01-25,10,Jake Kirby,15,
2014-01-25,15,Andy Robinson,,10
2014-01-28,22,Steven Jennings,18,
2014-01-28,18,Jason Koumas,,22
2014-01-28,16,Matthew Kennedy,20,
2014-01-28,20,Cole Stockton,,16
2014-01-28,10,Jake Kirby,15,
2014-01-28,15,Andy Robinson,,10
2014-02-01,15,Matthew Kennedy,20,
2014-02-01,20,Jake Kirby,,15
2014-02-08,22,Jake Kirby,15,
2014-02-08,15,Jason Koumas,,22
2014-02-08,10,Matthew Kennedy,20,
2014-02-08,20,Andy Robinson,,10
2014-02-15,15,Matthew Kennedy,20,
2014-02-15,20,Jake Kirby,,15
2014-02-22,16,Jake Cassidy,14,
2014-02-22,14,Cole Stockton,,16
2014-02-22,10,Matthew Kennedy,20,
2014-02-22,20,Andy Robinson,,10
2014-02-22,15,Ryan Lowe,9,
2014-02-22,9,Jake Kirby,,15
2014-03-01,15,Jason Koumas,22,
2014-03-01,22,Jake Kirby,,15
2014-03-01,12,Andy Robinson,10,
2014-03-01,10,James Rowe,,12
2014-03-08,10,Liam Ridehalgh,23,
2014-03-08,23,Andy Robinson,,10
2014-03-11,16,Jake Cassidy,14,
2014-03-11,14,Cole Stockton,,16
2014-03-11,10,Junior Brown,20,
2014-03-11,20,Andy Robinson,,10
2014-03-15,10,Jason Koumas,22,
2014-03-15,22,Andy Robinson,,10
2014-03-15,17,James Wallace,8,
2014-03-15,8,Max Power,,17
2014-03-15,16,Ryan Lowe,9,
2014-03-15,9,Cole Stockton,,16
2014-03-22,5,Junior Brown,20,
2014-03-22,20,Ian Goodison,,5
2014-03-22,16,Stephen Arthurworrey,32,
2014-03-22,32,Cole Stockton,,16
2014-03-25,10,Danny Holmes,2,
2014-03-25,2,Andy Robinson,,10
2014-03-25,12,Steven Jennings,18,
2014-03-25,18,James Rowe,,12
2014-03-25,25,James Wallace,8,
2014-03-25,8,Gboly Ariyibi,,25
2014-03-29,25,Jake Kirby,15,
2014-03-29,15,Gboly Ariyibi,,25
2014-04-05,24,Stephen Arthurworrey,6,
2014-04-05,6,Danny Holmes,,24
2014-04-05,10,Jason Koumas,14,
2014-04-05,14,Jake Kirby,,10
2014-04-05,20,Ryan Lowe,9,
2014-04-05,9,Cole Stockton,,20
2014-04-12,32,Ian Goodison,5,
2014-04-12,5,Stephen Arthurworrey,,32
2014-04-12,20,Jason Koumas,22,
2014-04-12,22,Junior Brown,,20
2014-04-18,2,Ian Goodison,5,
2014-04-18,5,Danny Holmes,,2
2014-04-18,16,Jason Koumas,22,
2014-04-18,22,Cole Stockton,,16
2014-04-18,32,Ryan Lowe,9,
2014-04-18,9,Stephen Arthurworrey,,32
2014-04-21,12,Liam Ridehalgh,23,
2014-04-21,23,James Rowe,,12
2014-04-21,16,Jake Cassidy,14,
2014-04-21,14,Cole Stockton,,16
2014-04-21,15,Jean-Louis Akpa-Akpro,26,
2014-04-21,26,Jake Kirby,,15
2014-04-26,15,Jake Cassidy,14,
2014-04-26,14,Jake Kirby,,15
2014-04-26,12,Jean-Louis Akpa-Akpro,26,
2014-04-26,26,James Rowe,,12
2014-05-03,15,Liam Ridehalgh,23,
2014-05-03,23,Jake Kirby,,15
2014-05-03,12,Max Power,17,
2014-05-03,17,James Rowe,,12
2013-08-27,15,Jason Koumas,22,
2013-08-27,22,Jake Kirby,,15
2013-08-27,11,Chris Atkinson,14,
2013-08-27,14,Abdulai Bell-Baggie,,11
2013-09-03,26,Akpo Sodje,19,
2013-09-03,19,Jean-Louis Akpa Akpro,,26
2013-09-03,15,Cole Stockton,16,
2013-09-03,16,Jake Kirby,,15
2013-09-03,7,James Rowe,12,
2013-09-03,12,Joe Thompson,,7
2013-09-25,2,Evan Horwood,3,
2013-09-25,3,Danny Holmes,,2
2013-09-25,11,James Rowe,12,
2013-09-25,12,Abdulai Bell-Baggie,,11
2013-11-09,16,Abdulai Bell-Baggie,11,
2013-11-09,11,Cole Stockton,,16
2013-11-09,26,Tom Hateley,6,
2013-11-09,6,Jean-Louis Akpa Akpro,,26
2013-12-07,12,Jake Kirby,15,
2013-12-07,15,James Rowe,,12
2013-12-07,16,Jean-Louis Akpa Akpro,26,
2013-12-07,26,Cole Stockton,,16
2014-08-12,22,Abdulai Bell-Baggie,11,
2014-08-12,11,Gerardo Bruna,,22
2014-08-12,4,Matthew Gill,23,
2014-08-12,23,Max Power,,4
2014-08-12,16,James Rowe,12,
2014-08-12,12,Cole Stockton,,16
2014-08-09,12,Max Power,4,
2014-08-09,4,James Rowe,,12
2014-08-09,9,Eliot Richards,10,
2014-08-09,10,Kayode Odejayi,,9
2014-08-09,11,Jason Koumas,8,
2014-08-09,8,Abdulai Bell-Baggie,,11
2014-08-16,19,Danny Holmes,2,
2014-08-16,2,Clayton McDonald,,19
2014-08-16,12,Abdulai Bell-Baggie,11,
2014-08-16,11,James Rowe,,12
2014-08-16,9,Cole Stockton,16,
2014-08-16,16,Kayode Odejayi,,9
2014-08-23,9,Jake Kirby,15,
2014-08-23,15,Kayode Odejayi,,9
2014-08-23,2,Dan Woodards,17,
2014-08-23,17,Danny Holmes,,2
2014-08-23,12,Eliot Richards,10,
2014-08-23,10,James Rowe,,12
2014-08-30,9,Eliot Richards,10,
2014-08-30,10,Kayode Odejayi,,9
2014-09-06,8,James Rowe,12,
2014-09-06,12,Jason Koumas,,8
2014-09-06,15,Eliot Richards,10,
2014-09-06,10,Jake Kirby,,15
2014-09-13,7,Abdulai Bell-Baggie,11,
2014-09-13,11,George Donnelly,,7
2014-09-16,6,Matthew Hill,25,
2014-09-16,25,Marcus Holness,,6
2014-09-16,8,Max Power,4,
2014-09-16,4,Jason Koumas,,8
2014-09-16,7,Cole Stockton,16,
2014-09-16,16,George Donnelly,,7
2014-09-20,9,Eliot Richards,10,
2014-09-20,10,Kayode Odejayi,,9
2014-09-20,8,Matt Gill,23,
2014-09-20,23,Jason Koumas,,8
2014-09-20,7,Cole Stockton,16,
2014-09-20,16,George Donnelly,,7
2014-09-27,22,Jake Kirby,15,
2014-09-27,15,Matthias Fanimo,,22
2014-09-27,8,Matt Gill,23,
2014-09-27,23,Jason Koumas,,8
2014-09-27,16,George Donnelly,7,
2014-09-27,7,Cole Stockton,,16
2014-10-04,8,Matt Gill,23,
2014-10-04,23,Jason Koumas,,8
2014-10-04,10,Abdulai Bell-Baggie,11,
2014-10-04,11,Eliot Richards,,10
2014-10-04,15,George Donnelly,7,
2014-10-04,7,Jake Kirby,,15
2014-10-11,11,Matt Gill,23,
2014-10-11,23,Abdulai Bell-Baggie,,11
2014-10-11,14,Max Power,4,
2014-10-11,4,Marc Laird,,14
2014-10-11,10,George Donnelly,7,
2014-10-11,7,Eliot Richards,,10
2014-10-18,14,Matt Gill,23,
2014-10-18,23,Marc Laird,,14
2014-10-18,10,Kayode Odejayi,9,
2014-10-18,9,Eliot Richards,,10
2014-10-18,11,George Barker,29,
2014-10-18,29,Abdulai Bell-Baggie,,11
2014-10-21,9,Jake Kirby,15,
2014-10-21,15,Kayode Odejayi,,9
2014-10-21,11,George Barker,29,
2014-10-21,29,Abdulai Bell-Baggie,,11
2014-10-21,7,Danny Johnson,31,
2014-10-21,31,George Donnelly,,7
2014-10-25,9,Jake Kirby,15,
2014-10-25,15,Kayode Odejayi,,9
2014-10-25,3,George Barker,29,
2014-10-25,29,Liam Ridehalgh,,3
2014-10-25,7,Danny Johnson,31,
2014-10-25,31,George Donnelly,,7
2014-11-01,10,Danny Holmes,2,
2014-11-01,2,Eliot Richards,,10
2014-11-01,7,Kayode Odejayi,9,
2014-11-01,9,George Donnelly,,7
2014-11-01,3,Danny Johnson,31,
2014-11-01,31,Liam Ridehalgh,,3
2014-11-15,24,Josh Thompson,32,
2014-11-15,32,Evan Gumbs,,24
2014-11-15,2,Janoi Donacien,19,
2014-11-15,19,Danny Holmes,,2
2014-11-15,9,Marc Laird,14,
2014-11-15,14,Kayode Odejayi,,9
2014-11-22,9,Liam Ridehalgh,3,
2014-11-22,3,Kayode Odejayi,,9
2014-11-22,8,Calaum Jahraldo-Martin,30,
2014-11-22,30,Jason Koumas,,8
2014-11-29,6,Will Aimson,29,
2014-11-29,29,Marcus Holness,,6
2014-11-29,14,James Rowe,12,
2014-11-29,12,Marc Laird,,14
2014-11-29,9,Cole Stockton,16,
2014-11-29,16,Kayode Odejayi,,9
2014-12-13,12,Marc Laird,14,
2014-12-13,14,James Rowe,,12
2014-12-13,16,Shamir Fenelon,28,
2014-12-13,28,Cole Stockton,,16
2014-12-19,17,Michael Ihiekwe,5,
2014-12-19,5,Dan Woodards,,17
2014-12-19,16,Kayode Odejayi,9,
2014-12-19,9,Cole Stockton,,16
2014-12-19,33,Shamir Fenelon,28,
2014-12-19,28,Guy Madjo,,33
2014-12-26,30,Josh Thompson,32,
2014-12-26,32,Calaum Jahraldo-Martin,,30
2014-12-26,23,Steven Jennings,22,
2014-12-26,22,Chris Shuker,,23
2014-12-26,9,Shamir Fenelon,28,
2014-12-26,28,Kayode Odejayi,,9
2014-12-28,15,Chris Shuker,23,
2014-12-28,23,Jake Kirby,,15
2014-12-28,16,Kayode Odejayi,9,
2014-12-28,9,Cole Stockton,,16
2014-12-28,33,Shamir Fenelon,28,
2014-12-28,28,Guy Madjo,,33
2015-02-24,28,Josh Thompson,32,
2015-02-24,32,Harrison McGahey,,28
2015-02-24,3,Rob Taylor,17,
2015-02-24,17,Liam Ridehalgh,,3
2015-02-24,5,Rory Donnelly,29,
2015-02-24,29,Michael Ihiekwe,,5
2015-01-10,29,Marcus Holness,6,
2015-01-10,6,Rory Donnelly,,29
2015-01-10,7,Marc Laird,14,
2015-01-10,14,George Donnelly,,7
2015-01-10,8,Shamir Fenelon,28,
2015-01-10,28,Jason Koumas,,8
2015-01-17,15,Rory Donnelly,29,
2015-01-17,29,Jake Kirby,,15
2015-01-17,8,Marc Laird,14,
2015-01-17,14,Jason Koumas,,8
2015-01-17,27,Shamir Fenelon,28,
2015-01-17,28,Mitch Duggan,,27
2015-01-24,8,Lee Molyneux,19,
2015-01-24,19,Jason Koumas,,8
2015-01-24,31,Shamir Fenelon,28,
2015-01-24,28,Jennison Myrie-Williams,,31
2015-01-24,16,Kayode Odejayi,9,
2015-01-24,9,Cole Stockton,,16
2015-01-31,3,Danny Holmes,2,
2015-01-31,2,Liam Ridehalgh,,3
2015-01-31,28,Jennison Myrie-Williams,31,
2015-01-31,31,Shamir Fenelon,,28
2015-01-31,16,Kayode Odejayi,9,
2015-01-31,9,Cole Stockton,,16
2015-02-07,8,Josh Thompson,32,
2015-02-07,32,Jason Koumas,,8
2015-02-07,16,Lee Molyneux,19,
2015-02-07,19,Cole Stockton,,16
2015-02-07,34,Kayode Odejayi,9,
2015-02-07,9,Iain Hume,,34
2015-02-10,3,Danny Holmes,2,
2015-02-10,2,Liam Ridehalgh,,3
2015-02-10,34,Jennison Myrie-Williams,31,
2015-02-10,31,Iain Hume,,34
2015-02-10,14,Lee Molyneux,19,
2015-02-10,19,Marc Laird,,14
2015-02-14,19,Jennison Myrie-Williams,31,
2015-02-14,31,Lee Molyneux,,19
2015-02-14,8,Kayode Odejayi,9,
2015-02-14,9,Jason Koumas,,8
2015-02-14,15,Iain Hume,34,
2015-02-14,34,Jake Kirby,,15
2015-02-21,28,Jennison Myrie-Williams,31,
2015-02-21,31,Harrison McGahey,,28
2015-02-28,15,Lee Molyneux,19,
2015-02-28,19,Jake Kirby,,15
2015-02-28,14,Rory Donnelly,29,
2015-02-28,29,Marc Laird,,14
2015-02-28,34,Kayode Odejayi,9,
2015-02-28,9,Iain Hume,,34
2015-03-03,11,Harrison McGahey,28,
2015-03-03,28,Dan Gardner,,11
2015-03-03,15,Steven Jennings,22,
2015-03-03,22,Jake Kirby,,15
2015-03-03,34,Jordan Hugill,10,
2015-03-03,10,Iain Hume,,34
2015-03-07,2,Josh Thompson,32,
2015-03-07,32,Danny Holmes,,2
2015-03-07,11,Jason Koumas,8,
2015-03-07,8,Dan Gardner,,11
2015-03-07,9,Jordan Hugill,10,
2015-03-07,10,Kayode Odejayi,,9
2015-03-14,10,Josh Thompson,32,
2015-03-14,32,Jordan Hugill,,10
2015-03-14,23,Steven Jennings,22,
2015-03-14,22,Chris Shuker,,23
2015-03-14,29,Rob Taylor,17,
2015-03-14,17,Rory Donnelly,,29
2015-03-17,18,Josh Thompson,32,
2015-03-17,32,Adam Dugdale,,18
2015-03-17,10,Jennison Myrie-Williams,31,
2015-03-17,31,Jordan Hugill,,10
2015-03-17,29,Dan Gardner,11,
2015-03-17,11,Rory Donnelly,,29
2015-03-21,15,Liam Ridehalgh,3,
2015-03-21,3,Jake Kirby,,15
2015-03-21,30,Marc Laird,14,
2015-03-21,14,Ben Jago,,30
2015-03-21,19,Jordan Hugill,10,
2015-03-21,10,Lee Molyneux,,19
2015-03-28,19,Liam Ridehalgh,3,
2015-03-28,3,Lee Molyneux,,19
2015-03-28,34,Rory Donnelly,29,
2015-03-28,29,Iain Hume,,34
2015-04-03,19,Rob Taylor,17,
2015-04-03,17,Lee Molyneux,,19
2015-04-03,34,Jennison Myrie-Williams,31,
2015-04-03,31,Iain Hume,,34
2015-04-06,29,Jennison Myrie-Williams,31,
2015-04-06,31,Rory Donnelly,,29
2015-04-06,14,Max Power,4,
2015-04-06,4,Marc Laird,,14
2015-04-06,34,Rob Taylor,17,
2015-04-06,17,Iain Hume,,34
2015-04-11,31,Josh Thompson,32,
2015-04-11,32,Jennison Myrie-Williams,,31
2015-04-11,29,Max Power,4,
2015-04-11,4,Rory Donnelly,,29
2015-04-11,15,Cole Stockton,16,
2015-04-11,16,Jake Kirby,,15
2015-04-14,25,Rob Taylor,17,
2015-04-14,17,Matthew Hill,,25
2015-04-14,34,Rory Donnelly,29,
2015-04-14,29,Iain Hume,,34
2015-04-14,9,Cole Stockton,16,
2015-04-14,16,Kayode Odejayi,,9
2015-04-18,25,Rob Taylor,17,
2015-04-18,17,Matthew Hill,,25
2015-04-18,8,Jennison Myrie-Williams,31,
2015-04-18,31,Jason Koumas,,8
2015-04-18,14,George Green,10,
2015-04-18,10,Marc Laird,,14
2015-04-25,10,Marc Laird,14,
2015-04-25,14,George Green,,10
2015-04-25,34,Matthew Hill,25,
2015-04-25,25,Iain Hume,,34
2015-05-02,15,Jason Koumas,8,
2015-05-02,8,Jake Kirby,,15
2015-05-02,30,Iain Hume,34,
2015-05-02,34,Ben Jago,,30
2015-05-02,37,Rory Donnelly,29,
2015-05-02,29,Tolani Omotola,,37
2014-10-07,28,Janoi Donacien,19,
2014-10-07,19,Ben Davies,,28
2014-10-07,15,Abdulai Bell-Baggie,11,
2014-10-07,11,Jake Kirby,,15
2014-11-11,14,James Rowe,12,
2014-11-11,12,Marc Laird,,14
2014-11-11,9,Danny Johnson,31,
2014-11-11,31,Kayode Odejayi,,9
2014-11-11,15,Abdulai Bell-Baggie,11,
2014-11-11,11,Jake Kirby,,15
2014-11-08,9,Eliot Richards,10,
2014-11-08,10,Kayode Odejayi,,9
2014-12-06,33,Calaum Jahraldo-Martin,30,
2014-12-06,30,Guy Madjo,,33
2014-12-06,8,Danny Holmes,2,
2014-12-06,2,Jason Koumas,,8
2014-12-06,9,Cole Stockton,16,
2014-12-06,16,Kayode Odejayi,,9
2014-12-09,14,James Rowe,12,
2014-12-09,12,Marc Laird,,14
2014-12-09,7,Cole Stockton,16,
2014-12-09,16,George Donnelly,,7
2014-12-16,30,Danny Holmes,2,
2014-12-16,2,Calaum Jahraldo-Martin,,30
2014-12-16,28,James Rowe,12,
2014-12-16,12,Shamir Fenelon,,28
2014-12-16,14,Cole Stockton,16,
2014-12-16,16,Marc Laird,,14
2015-01-03,15,Josh Thompson,32,
2015-01-03,32,Jake Kirby,,15
2015-01-03,12,Marc Laird,14,
2015-01-03,14,James Rowe,,12
2015-01-03,11,Shamir Fenelon,28,
2015-01-03,28,Abdulai Bell-Baggie,,11
2015-08-08,17,James Norwood,10,
2015-08-08,10,Adam Mekki,,17
2015-08-11,17,Liam Ridehalgh,3,
2015-08-11,3,Adam Mekki,,17
2015-08-11,6,Cole Stockton,18,
2015-08-11,18,Marcus Holness,,6
2015-08-15,15,Liam Hogan,5,
2015-08-15,5,Martin Riley,,15
2015-08-15,17,Andy Mangan,14,
2015-08-15,14,Adam Mekki,,17
2015-08-15,10,Cole Stockton,18,
2015-08-15,18,James Norwood,,10
2015-08-22,9,Lois Maynard,11,
2015-08-22,11,Nathan Blissett,,9
2015-08-22,17,Jonathon Margetts,19,
2015-08-22,19,Adam Mekki,,17
2015-08-29,7,Liam Ridehalgh,3,
2015-08-29,3,Marlon Jackson,,7
2015-08-29,14,Cole Stockton,18,
2015-08-29,18,Andy Mangan,,14
2015-08-29,9,Jonathon Margetts,19,
2015-08-29,19,Nathan Blissett,,9
2015-08-31,7,Adam Mekki,17,
2015-08-31,17,Marlon Jackson,,7
2015-08-31,12,Nathan Blissett,9,
2015-08-31,9,Michael Ihiekwe,,12
2015-09-05,6,Andy Mangan,14,
2015-09-05,14,Marcus Holness,,6
2015-09-12,7,Adam Dawson,20,
2015-09-12,20,Marlon Jackson,,7
2015-09-12,19,James Norwood,10,
2015-09-12,10,Jonathon Margetts,,19
2015-09-12,11,Andy Mangan,14,
2015-09-12,14,Lois Maynard,,11
2015-09-15,7,Andy Mangan,14,
2015-09-15,14,Marlon Jackson,,7
2015-09-18,6,Liam Hogan,5,
2015-09-18,5,Marcus Holness,,6
2015-09-18,9,Adam Mekki,17,
2015-09-18,17,Nathan Blissett,,9
2015-09-18,11,Marlon Jackson,7,
2015-09-18,7,Lois Maynard,,11
2015-09-22,19,Adam Dawson,20,
2015-09-22,20,Jonathon Margetts,,19
2015-09-22,14,Nathan Blissett,9,
2015-09-22,9,Andy Mangan,,14
2015-09-26,7,Adam Dawson,20,
2015-09-26,20,Marlon Jackson,,7
2015-09-26,19,Andy Mangan,14,
2015-09-26,14,Jonathon Margetts,,19
2015-10-03,15,Michael Ihiekwe,12,
2015-10-03,12,Martin Riley,,15
2015-10-03,7,Adam Dawson,20,
2015-10-03,20,Marlon Jackson,,7
2015-10-06,10,Adam Dawson,20,
2015-10-06,20,James Norwood,,10
2015-10-06,7,Andy Mangan,14,
2015-10-06,14,Marlon Jackson,,7
2015-10-06,4,Jonathon Margetts,19,
2015-10-06,19,Steven Jennings,,4
2015-10-10,4,Ritchie Sutton,2,
2015-10-10,2,Steven Jennings,,4
2015-10-10,17,Marlon Jackson,7,
2015-10-10,7,Adam Mekki,,17
2015-10-10,3,Adam Dawson,20,
2015-10-10,20,Liam Ridehalgh,,3
2015-10-13,7,Liam Ridehalgh,3,
2015-10-13,3,Marlon Jackson,,7
2015-10-17,2,Liam Ridehalgh,3,
2015-10-17,3,Ritchie Sutton,,2
2015-10-17,7,James Norwood,10,
2015-10-17,10,Marlon Jackson,,7
2015-10-31,14,Liam Ridehalgh,3,
2015-10-31,3,Andy Mangan,,14
2015-11-14,17,Ben Tomlinson,29,
2015-11-14,29,Adam Mekki,,17
2015-11-21,11,Martin Riley,15,
2015-11-21,15,Lois Maynard,,11
2015-11-21,29,Adam Mekki,17,
2015-11-21,17,Ben Tomlinson,,29
2015-11-24,2,Adam Mekki,17,
2015-11-24,17,Ritchie Sutton,,2
2015-11-24,29,Andy Mangan,14,
2015-11-24,14,Ben Tomlinson,,29
2015-11-28,2,Liam Hogan,5,
2015-11-28,5,Ritchie Sutton,,2
2015-11-28,17,Jay Harris,8,
2015-11-28,8,Adam Mekki,,17
2015-11-28,14,Gary Taylor-Fletcher,9,
2015-11-28,9,Andy Mangan,,14
2015-12-05,20,Liam Ridehalgh,3,
2015-12-05,3,Adam Dawson,,20
2015-12-19,2,Liam Ridehalgh,3,
2015-12-19,3,Ritchie Sutton,,2
2015-12-19,29,Adam Mekki,17,
2015-12-19,17,Ben Tomlinson,,29
2015-12-19,14,Gary Taylor-Fletcher,9,
2015-12-19,9,Andy Mangan,,14
2015-12-26,29,Gary Taylor-Fletcher,9,
2015-12-26,9,Ben Tomlinson,,29
2015-12-28,14,Adam Mekki,17,
2015-12-28,17,Andy Mangan,,14
2015-12-28,23,Ben Tomlinson,29,
2015-12-28,29,Jake Kirby,,23
2016-01-02,18,Adam Mekki,17,
2016-01-02,17,Cole Stockton,,18
2016-01-02,29,Jeff Hughes,20,
2016-01-02,20,Ben Tomlinson,,29
2016-01-09,18,Ben Tomlinson,29,
2016-01-09,29,Cole Stockton,,18
2016-01-09,23,Adam Mekki,17,
2016-01-09,17,Jake Kirby,,23
2016-01-23,9,Adam Mekki,17,
2016-01-23,17,Gary Taylor-Fletcher,,9
2016-01-30,2,Steve McNulty,24,
2016-01-30,24,Ritchie Sutton,,2
2016-01-30,14,Adam Mekki,17,
2016-01-30,17,Jack Mackreth,,14
2016-03-08,15,Steve McNulty,24,
2016-03-08,24,Martin Riley,,15
2016-02-06,14,Gary Taylor-Fletcher,9,
2016-02-06,9,Jack Mackreth,,14
2016-02-13,9,Jack Mackreth,14,
2016-02-13,14,Gary Taylor-Fletcher,,9
2016-02-20,17,Gary Taylor-Fletcher,9,
2016-02-20,9,Adam Mekki,,17
2016-02-20,23,Jeff Hughes,20,
2016-02-20,20,Jake Kirby,,23
2016-02-28,9,Michael Higdon,29,
2016-02-28,29,Gary Taylor-Fletcher,,9
2016-02-28,14,Jake Kirby,23,
2016-02-28,23,Jack Mackreth,,14
2016-03-05,19,Adam Mekki,17,
2016-03-05,17,Jonathon Margetts,,19
2016-03-05,14,Jake Kirby,23,
2016-03-05,23,Jack Mackreth,,14
2016-03-05,9,Michael Higdon,29,
2016-03-05,29,Gary Taylor-Fletcher,,9
2016-03-12,11,Adam Mekki,17,
2016-03-12,17,Lois Maynard,,11
2016-03-12,8,Michael Higdon,29,
2016-03-12,29,Jay Harris,,8
2016-03-19,14,Jake Kirby,23,
2016-03-19,23,Jack Mackreth,,14
2016-03-25,17,Jake Kirby,23,
2016-03-25,23,Adam Mekki,,17
2016-03-25,37,Gary Taylor-Fletcher,9,
2016-03-25,9,Scott Fenwick,,37
2016-03-28,37,Gary Taylor-Fletcher,9,
2016-03-28,9,Scott Fenwick,,37
2016-03-28,14,Jake Kirby,23,
2016-03-28,23,Jack Mackreth,,14
2016-04-02,29,Jake Kirby,23,
2016-04-02,23,Michael Higdon,,29
2016-04-02,14,Jeff Hughes,20,
2016-04-02,20,Jack Mackreth,,14
2016-04-02,37,Gary Taylor-Fletcher,9,
2016-04-02,9,Scott Fenwick,,37
2016-04-09,17,Lois Maynard,11,
2016-04-09,11,Adam Mekki,,17
2016-04-09,23,James Norwood,10,
2016-04-09,10,Jake Kirby,,23
2016-04-16,9,Jeff Hughes,20,
2016-04-16,20,Gary Taylor-Fletcher,,9
2016-04-16,23,Michael Higdon,29,
2016-04-16,29,Jake Kirby,,23
2016-04-23,15,Steve McNulty,24,
2016-04-23,24,Martin Riley,,15
2016-04-23,17,Jake Kirby,23,
2016-04-23,23,Adam Mekki,,17
2016-04-23,9,Jay Harris,8,
2016-04-23,8,Gary Taylor-Fletcher,,9
2016-04-30,5,Lee Vaughan,7,
2016-04-30,7,Liam Hogan,,5
2016-04-30,23,Lois Maynard,11,
2016-04-30,11,Jake Kirby,,23
2016-08-06,7,Andy Cook,9,
2016-08-06,9,Adam Mekki,,7
2016-08-06,17,James Norwood,10,
2016-08-06,10,Jake Kirby,,17
2016-08-09,2,Liam Ridehalgh,3,
2016-08-09,3,Lee Vaughan,,2
2016-08-09,17,James Norwood,10,
2016-08-09,10,Jake Kirby,,17
2016-08-13,17,Andy Cook,9,
2016-08-13,9,Jake Kirby,,17
2016-08-13,14,Jay Harris,8,
2016-08-13,8,Darren Stephenson,,14
2016-08-20,7,James Norwood,10,
2016-08-20,10,Adam Mekki,,7
2016-08-20,17,Connor Jennings,11,
2016-08-20,11,Jake Kirby,,17
2016-08-27,3,Lee Vaughan,2,
2016-08-27,2,Liam Ridehalgh,,3
2016-08-27,17,Jay Harris,8,
2016-08-27,8,Jake Kirby,,17
2016-08-27,7,Connor Jennings,11,
2016-08-27,11,Adam Mekki,,7
2016-08-29,7,Jay Harris,8,
2016-08-29,8,Adam Mekki,,7
2016-09-03,17,Andy Cook,9,
2016-09-03,9,Jake Kirby,,17
2016-09-03,14,Adam Mekki,7,
2016-09-03,7,Darren Stephenson,,14
2016-09-10,14,Andy Cook,9,
2016-09-10,9,Darren Stephenson,,14
2016-09-10,7,Jay Harris,8,
2016-09-10,8,Adam Mekki,,7
2016-09-10,17,Connor Jennings,11,
2016-09-10,11,Jake Kirby,,17
2016-09-17,9,Jake Kirby,17,
2016-09-17,17,Andy Cook,,9
2016-09-17,7,Jay Harris,8,
2016-09-17,8,Adam Mekki,,7
2016-09-17,22,Darren Stephenson,14,
2016-09-17,14,Ethan Jones,,22
2016-09-24,25,Ben Tollitt,18,
2016-09-24,18,Mitch Duggan,,25
2016-09-24,22,Andy Cook,9,
2016-09-24,9,Ethan Jones,,22
2016-09-24,14,Louis Almond,15,
2016-09-24,15,Darren Stephenson,,14
2016-10-01,22,Jake Kirby,17,
2016-10-01,17,Ethan Jones,,22
2016-10-01,16,James Norwood,10,
2016-10-01,10,Elliot Osborne,,16
2016-10-01,25,Louis Almond,15,
2016-10-01,15,Mitch Duggan,,25
2016-10-04,18,Louis Almond,15,
2016-10-04,15,Ben Tollitt,,18
2016-10-04,14,Jake Kirby,17,
2016-10-04,17,Darren Stephenson,,14
2016-10-08,14,Jake Kirby,17,
2016-10-08,17,Darren Stephenson,,14
2016-10-08,16,Ben Tollitt,18,
2016-10-08,18,Elliot Osborne,,16
2016-10-22,8,Steven Jennings,4,
2016-10-22,4,Jay Harris,,8
2016-10-22,10,Louis Almond,15,
2016-10-22,15,James Norwood,,10
2016-10-22,14,Andy Cook,9,
2016-10-22,9,Darren Stephenson,,14
2016-10-25,14,Jay Harris,8,
2016-10-25,8,Darren Stephenson,,14
2016-10-25,10,Jake Kirby,17,
2016-10-25,17,James Norwood,,10
2016-10-25,18,Louis Almond,15,
2016-10-25,15,Ben Tollitt,,18
2016-10-29,6,Lee Vaughan,2,
2016-10-29,2,Michael Ihiekwe,,6
2016-10-29,22,Andy Cook,9,
2016-10-29,9,Ethan Jones,,22
2016-10-29,7,Darren Stephenson,14,
2016-10-29,14,Adam Mekki,,7
2016-11-12,7,Jake Kirby,17,
2016-11-12,17,Adam Mekki,,7
2016-11-12,6,Andy Mangan,19,
2016-11-12,19,Michael Ihiekwe,,6
2016-11-19,20,Jay Harris,8,
2016-11-19,8,Lois Maynard,,20
2016-11-19,6,Jake Kirby,17,
2016-11-19,17,Michael Ihiekwe,,6
2016-11-19,7,Adam Dawson,21,
2016-11-19,21,Adam Mekki,,7
2016-11-22,10,Andy Cook,9,
2016-11-22,9,James Norwood,,10
2016-11-26,6,Liam Ridehalgh,3,
2016-11-26,3,Michael Ihiekwe,,6
2016-11-26,17,Jay Harris,8,
2016-11-26,8,Jake Kirby,,17
2016-11-26,10,Andy Mangan,19,
2016-11-26,19,James Norwood,,10
2016-11-29,21,Ben Tollitt,18,
2016-11-29,18,Adam Dawson,,21
2016-11-29,38,Andy Mangan,19,
2016-11-29,19,James Wallace,,38
2016-11-29,10,Andy Cook,9,
2016-11-29,9,James Norwood,,10
2016-12-03,17,Lois Maynard,20,
2016-12-03,20,Jake Kirby,,17
2016-12-03,21,Jay Harris,8,
2016-12-03,8,Adam Dawson,,21
2016-12-03,9,Andy Mangan,19,
2016-12-03,19,Andy Cook,,9
2016-12-17,17,Jay Harris,8,
2016-12-17,8,Jake Kirby,,17
2016-12-26,11,Jake Kirby,17,
2016-12-26,17,Connor Jennings,,11
2016-12-26,20,Andy Mangan,19,
2016-12-26,19,Lois Maynard,,20
2017-01-01,7,Jake Kirby,17,
2017-01-01,17,Adam Mekki,,7
2017-01-01,11,Andy Mangan,19,
2017-01-01,19,Connor Jennings,,11
2017-01-01,20,James Wallace,38,
2017-01-01,38,Lois Maynard,,20
2017-04-04,7,Connor Jennings,11,
2017-04-04,11,Adam Mekki,,7
2017-04-04,9,Cole Stockton,23,
2017-04-04,23,Andy Cook,,9
2017-01-31,8,James Wallace,38,
2017-01-31,38,Jay Harris,,8
2017-01-31,17,James Norwood,10,
2017-01-31,10,Jake Kirby,,17
2017-01-31,23,Andy Cook,9,
2017-01-31,9,Cole Stockton,,23
2017-01-28,18,Jake Kirby,17,
2017-01-28,17,Ben Tollitt,,18
2017-01-28,10,Steven Jennings,4,
2017-01-28,4,James Norwood,,10
2017-01-28,23,Andy Mangan,19,
2017-01-28,19,Cole Stockton,,23
2017-03-07,19,Ritchie Sutton,12,
2017-03-07,12,Andy Mangan,,19
2017-03-07,11,Adam Mekki,7,
2017-03-07,7,Connor Jennings,,11
2017-03-07,23,Jay Harris,8,
2017-03-07,8,Cole Stockton,,23
2017-02-11,20,Steve McNulty,5,
2017-02-11,5,Lois Maynard,,20
2017-02-11,19,Jack Dunn,11,
2017-02-11,11,Andy Mangan,,19
2017-02-18,17,Jack Dunn,11,
2017-02-18,11,Jake Kirby,,17
2017-02-21,19,Ben Tollitt,18,
2017-02-21,18,Andy Mangan,,19
2017-02-21,23,Andy Cook,9,
2017-02-21,9,Cole Stockton,,23
2017-02-21,17,Jack Dunn,16,
2017-02-21,16,Jake Kirby,,17
2017-04-11,34,Lee Vaughan,2,
2017-04-11,2,Erico Sousa,,34
2017-04-11,38,Jay Harris,8,
2017-04-11,8,James Wallace,,38
2017-04-11,9,Cole Stockton,23,
2017-04-11,23,Andy Cook,,9
2017-03-03,8,Lois Maynard,20,
2017-03-03,20,Jay Harris,,8
2017-03-03,10,Andy Mangan,19,
2017-03-03,19,James Norwood,,10
2017-03-03,9,Cole Stockton,23,
2017-03-03,23,Andy Cook,,9
2017-03-28,23,Andy Cook,9,
2017-03-28,9,Cole Stockton,,23
2017-03-28,19,James Norwood,10,
2017-03-28,10,Andy Mangan,,19
2017-03-28,7,Connor Jennings,11,
2017-03-28,11,Adam Mekki,,7
2017-03-14,10,Andy Mangan,19,
2017-03-14,19,James Norwood,,10
2017-03-14,9,Cole Stockton,23,
2017-03-14,23,Andy Cook,,9
2017-03-21,23,Andy Cook,9,
2017-03-21,9,Cole Stockton,,23
2017-03-21,7,Connor Jennings,11,
2017-03-21,11,Adam Mekki,,7
2017-03-21,19,James Norwood,10,
2017-03-21,10,Andy Mangan,,19
2017-03-25,23,Andy Cook,9,
2017-03-25,9,Cole Stockton,,23
2017-03-25,7,Connor Jennings,11,
2017-03-25,11,Adam Mekki,,7
2017-04-01,7,Connor Jennings,11,
2017-04-01,11,Adam Mekki,,7
2017-04-01,9,Cole Stockton,23,
2017-04-01,23,Andy Cook,,9
2017-04-01,19,James Norwood,10,
2017-04-01,10,Andy Mangan,,19
2017-04-08,34,Jay Harris,8,
2017-04-08,8,Erico Sousa,,34
2017-04-08,39,James Norwood,10,
2017-04-08,10,Aaron Collins,,39
2017-04-08,9,Cole Stockton,23,
2017-04-08,23,Andy Cook,,9
2017-04-14,34,Adam Buxton,22,
2017-04-14,22,Erico Sousa,,34
2017-04-14,9,Cole Stockton,23,
2017-04-14,23,Andy Cook,,9
2017-04-17,16,Connor Jennings,11,
2017-04-17,11,Jack Dunn,,16
2017-04-17,23,Andy Cook,9,
2017-04-17,9,Cole Stockton,,23
2017-04-17,19,James Norwood,10,
2017-04-17,10,Andy Mangan,,19
2017-04-22,16,Lee Vaughan,2,
2017-04-22,2,Jack Dunn,,16
2017-04-22,9,James Norwood,10,
2017-04-22,10,Andy Cook,,9
2017-04-22,19,Cole Stockton,23,
2017-04-22,23,Andy Mangan,,19
2017-04-29,32,Sam Ilesanmi,30,
2017-04-29,30,Tom Coughan,,32
2017-04-29,42,Adam Mekki,7,
2017-04-29,7,James Devine,,42
2017-04-29,36,Eddie Clarke,31,
2017-04-29,31,Jack Flemming,,36
2017-05-03,19,Lois Maynard,20,
2017-05-03,20,Andy Mangan,,19
2017-05-03,16,James Norwood,10,
2017-05-03,10,Jack Dunn,,16
2017-05-03,9,Cole Stockton,23,
2017-05-03,23,Andy Cook,,9
2017-05-06,19,James Wallace,38,
2017-05-06,38,Andy Mangan,,19
2017-05-14,16,Andy Mangan,19,
2017-05-14,19,Jack Dunn,,16
2017-05-14,9,Connor Jennings,11,
2017-05-14,11,Andy Cook,,9
2017-08-05,12,Oliver Norburn,15,
2017-08-05,15,Ritchie Sutton,,12
2017-08-05,9,James Alabi,12,
2017-08-05,12,Andy Cook,,9
2017-08-08,19,Andy Cook,9,
2017-08-08,9,Andy Mangan,,19
2017-08-08,12,Jack Dunn,16,
2017-08-08,16,James Alabi,,12
2017-08-12,19,Jay Harris,8,
2017-08-12,8,Andy Mangan,,19
2017-08-12,12,Jack Dunn,16,
2017-08-12,16,James Alabi,,12
2017-08-15,12,Jay Harris,8,
2017-08-15,8,James Alabi,,12
2017-08-19,16,Jay Harris,8,
2017-08-19,8,Jack Dunn,,16
2017-08-19,12,Connor Jennings,11,
2017-08-19,11,James Alabi,,12
2017-08-26,8,Jeff Hughes,24,
2017-08-26,24,Jay Harris,,8
2017-08-26,9,James Alabi,12,
2017-08-26,12,Andy Cook,,9
2017-08-26,19,Connor Jennings,11,
2017-08-26,11,Andy Mangan,,19
2017-08-28,2,Mitch Duggan,25,
2017-08-28,25,Adam Buxton,,2
2017-08-28,11,Oliver Norburn,15,
2017-08-28,15,Connor Jennings,,11
2017-08-28,10,Andy Mangan,19,
2017-08-28,19,James Norwood,,10
2017-09-02,11,Oliver Norburn,15,
2017-09-02,15,Connor Jennings,,11
2017-09-02,2,Mitch Duggan,25,
2017-09-02,25,Adam Buxton,,2
2017-09-02,10,Andy Mangan,19,
2017-09-02,19,James Norwood,,10
2017-09-09,11,Jay McEveley,6,
2017-09-09,6,Connor Jennings,,11
2017-09-09,16,Jay Harris,8,
2017-09-09,8,Jack Dunn,,16
2017-09-09,14,Andy Cook,9,
2017-09-09,9,George Waring,,14
2017-09-12,16,Evan Gumbs,28,
2017-09-12,28,Jack Dunn,,16
2017-09-12,8,Andy Cook,9,
2017-09-12,9,Jay Harris,,8
2017-09-12,12,Connor Jennings,11,
2017-09-12,11,James Alabi,,12
2017-09-16,14,Oliver Norburn,15,
2017-09-16,15,George Waring,,14
2017-09-23,14,James Alabi,12,
2017-09-23,12,George Waring,,14
2017-09-23,9,Jack Dunn,16,
2017-09-23,16,Andy Cook,,9
2017-10-04,18,Ben Tollitt,7,
2017-10-04,7,Dylan Mottley-Henry,,18
2017-10-04,8,Oliver Norburn,15,
2017-10-04,15,Jay Harris,,8
2017-10-07,8,Oliver Norburn,15,
2017-10-07,15,Jay Harris,,8
2017-10-07,22,Andy Cook,9,
2017-10-07,9,Gerry McDonagh,,22
2017-10-21,22,James Norwood,10,
2017-10-21,10,Gerry McDonagh,,22
2017-10-21,6,Dylan Mottley-Henry,18,
2017-10-21,18,Jay McEveley,,6
2017-10-24,6,Steve McNulty,5,
2017-10-24,5,Jay McEveley,,6
2017-10-28,29,James Norwood,10,
2017-10-28,10,Larnell Cole,,29
2017-11-11,29,Jeff Hughes,24,
2017-11-11,24,Larnell Cole,,29
2017-11-11,8,Mitch Duggan,20,
2017-11-11,20,Jay Harris,,8
2017-11-11,22,Andy Cook,9,
2017-11-11,9,Gerry McDonagh,,22
2017-11-18,28,Liam Ridehalgh,3,
2017-11-18,3,Evan Gumbs,,28
2017-11-18,30,Dylan Mottley-Henry,18,
2017-11-18,18,Devarn Green,,30
2017-11-21,33,Andy Cook,9,
2017-11-21,9,Josh Kay,,33
2017-11-21,22,James Norwood,10,
2017-11-21,10,Gerry McDonagh,,22
2017-11-21,11,Larnell Cole,29,
2017-11-21,29,Connor Jennings,,11
2017-11-25,33,Oliver Norburn,15,
2017-11-25,15,Josh Kay,,33
2017-11-25,30,Dylan Mottley-Henry,18,
2017-11-25,18,Devarn Green,,30
2018-01-13,3,Steve McNulty,5,
2018-01-13,5,Liam Ridehalgh,,3
2018-01-13,24,Larnell Cole,29,
2018-01-13,29,Jeff Hughes,,24
2017-12-09,22,James Norwood,10,
2017-12-09,10,Gerry McDonagh,,22
2017-12-09,8,Oliver Banks,32,
2017-12-09,32,Jay Harris,,8
2017-12-23,22,Andy Cook,9,
2017-12-23,9,Gerry McDonagh,,22
2017-12-26,24,Oliver Banks,32,
2017-12-26,32,Jeff Hughes,,24
2017-12-26,28,Dylan Mottley-Henry,18,
2017-12-26,18,Evan Gumbs,,28
2017-12-26,22,Andy Cook,9,
2017-12-26,9,Gerry McDonagh,,22
2017-12-30,17,James Norwood,10,
2017-12-30,10,Jake Kirby,,17
2017-12-30,24,Oliver Norburn,15,
2017-12-30,15,Jeff Hughes,,24
2017-12-30,8,Larnell Cole,29,
2017-12-30,29,Jay Harris,,8
2018-01-01,25,Scott Davies,1,
2018-01-01,1,Luke Pilling,,25
2018-01-01,31,Larnell Cole,29,
2018-01-01,29,Eddie Clarke,,31
2018-01-01,8,Oliver Norburn,15,
2018-01-01,15,Jay Harris,,8
2018-01-06,3,Adam Buxton,2,
2018-01-06,2,Liam Ridehalgh,,3
2018-01-06,24,Jay Harris,8,
2018-01-06,8,Jeff Hughes,,24
2018-01-06,17,Larnell Cole,29,
2018-01-06,29,Jake Kirby,,17
2018-01-20,19,Jake Kirby,17,
2018-01-20,17,Andy Mangan,,19
2018-01-20,24,Josh Ginnelly,18,
2018-01-20,18,Jeff Hughes,,24
2018-01-27,31,Josh Ginnelly,18,
2018-01-27,18,Eddie Clarke,,31
2018-02-03,24,Oliver Norburn,15,
2018-02-03,15,Jeff Hughes,,24
2018-02-03,7,Josh Ginnelly,18,
2018-02-03,18,Ben Tollitt,,7
2018-02-03,19,James Norwood,10,
2018-02-03,10,Andy Mangan,,19
2018-02-10,7,Josh Ginnelly,18,
2018-02-10,18,Ben Tollitt,,7
2018-02-17,24,Oliver Norburn,15,
2018-02-17,15,Jeff Hughes,,24
2018-02-17,7,Josh Ginnelly,18,
2018-02-17,18,Ben Tollitt,,7
2018-02-24,19,James Norwood,10,
2018-02-24,10,Andy Mangan,,19
2018-02-24,20,Jeff Hughes,24,
2018-02-24,24,Mitch Duggan,,20
2018-04-10,29,Ben Tollitt,7,
2018-04-10,7,Larnell Cole,,29
2018-04-10,34,Andy Cook,9,
2018-04-10,9,Drissa Traor,,34
2018-04-10,19,James Norwood,10,
2018-04-10,10,Andy Mangan,,19
2018-03-10,38,Jay Harris,8,
2018-03-10,8,James Wallace,,38
2018-03-10,4,Emmanuel Monthe,33,
2018-03-10,33,Ritchie Sutton,,4
2018-03-10,7,Josh Ginnelly,18,
2018-03-10,18,Ben Tollitt,,7
2018-03-17,7,Josh Ginnelly,18,
2018-03-17,18,Ben Tollitt,,7
2018-03-24,19,Ben Tollitt,7,
2018-03-24,7,Andy Mangan,,19
2018-04-17,8,Larnell Cole,29,
2018-04-17,29,Jay Harris,,8
2018-04-24,36,Elliot Rokka,23,
2018-04-24,23,Carl Spellman,,36
2018-04-24,37,Devarn Green,30,
2018-04-24,30,Danny Walker-Rice,,37
2018-04-07,8,Ben Tollitt,7,
2018-04-07,7,Jay Harris,,8
2018-04-07,38,Oliver Norburn,15,
2018-04-07,15,James Wallace,,38
2018-04-07,19,James Norwood,10,
2018-04-07,10,Andy Mangan,,19
2018-04-14,8,Andy Cook,9,
2018-04-14,9,Jay Harris,,8
2018-04-14,29,Ben Tollitt,7,
2018-04-14,7,Larnell Cole,,29
2018-04-14,19,James Norwood,10,
2018-04-14,10,Andy Mangan,,19
2018-04-21,8,Adam Buxton,2,
2018-04-21,2,Jay Harris,,8
2018-04-21,16,Larnell Cole,29,
2018-04-21,29,Josh Ginnelly,,16
2018-04-21,19,Andy Cook,9,
2018-04-21,9,Andy Mangan,,19
2018-04-28,20,Larnell Cole,29,
2018-04-28,29,Mitch Duggan,,20
2017-11-04,29,Connor Jennings,11,
2017-11-04,11,Larnell Cole,,29
2017-11-04,9,Gerry McDonagh,22,
2017-11-04,22,Andy Cook,,9
2017-11-15,2,Jay McEveley,6,
2017-11-15,6,Adam Buxton,,2
2017-11-15,29,Oliver Norburn,15,
2017-11-15,15,Larnell Cole,,29
2017-11-15,9,Gerry McDonagh,22,
2017-11-15,22,Andy Cook,,9
2018-05-05,33,Adam Buxton,2,
2018-05-05,2,Emmanuel Monthe,,33
2018-05-05,8,Josh Ginnelly,18,
2018-05-05,18,Jay Harris,,8
2018-05-12,8,Ritchie Sutton,4,
2018-05-12,4,Jay Harris,,8
2018-05-12,31,Larnell Cole,29,
2018-05-12,29,Eddie Clarke,,31
2018-05-12,11,Josh Ginnelly,18,
2018-05-12,18,Connor Jennings,,11
2018-08-14,5,Zoumana Bakayogo,24,
2018-08-14,24,Steve McNulty,,5
2018-08-14,18,Ben Tollitt,7,
2018-08-14,7,Johnny Smith,,18
2018-08-14,8,Oliver Banks,28,
2018-08-14,28,Jay Harris,,8
2018-08-04,7,Johnny Smith,18,
2018-08-04,18,Ben Tollitt,,7
2018-08-11,6,Ritchie Sutton,4,
2018-08-11,4,Emmanuel Monthe,,6
2018-08-11,7,Johnny Smith,18,
2018-08-11,18,Ben Tollitt,,7
2018-08-11,22,Cole Stockton,20,
2018-08-11,20,Harvey Gilmour,,22
2018-08-18,9,Jake Caprice,14,
2018-08-18,14,Paul Mullin,,9
2018-08-18,17,Johnny Smith,18,
2018-08-18,18,Dylan Mottley-Henry,,17
2018-08-18,22,Cole Stockton,20,
2018-08-18,20,Harvey Gilmour,,22
2018-08-21,17,Johnny Smith,18,
2018-08-21,18,Dylan Mottley-Henry,,17
2018-08-25,17,Johnny Smith,18,
2018-08-25,18,Dylan Mottley-Henry,,17
2018-08-25,9,Cole Stockton,20,
2018-08-25,20,Paul Mullin,,9
2018-09-01,17,Johnny Smith,18,
2018-09-01,18,Dylan Mottley-Henry,,17
2018-09-01,24,Cole Stockton,20,
2018-09-01,20,Zoumana Bakayogo,,24
2018-09-08,17,Johnny Smith,18,
2018-09-08,18,Dylan Mottley-Henry,,17
2018-09-08,9,Cole Stockton,20,
2018-09-08,20,Paul Mullin,,9
2018-09-15,18,Dylan Mottley-Henry,17,
2018-09-15,17,Johnny Smith,,18
2018-09-15,9,Cole Stockton,20,
2018-09-15,20,Paul Mullin,,9
2018-09-22,18,Dylan Mottley-Henry,17,
2018-09-22,17,Johnny Smith,,18
2018-09-22,29,Connor Jennings,11,
2018-09-22,11,Larnell Cole,,29
2018-09-22,20,Paul Mullin,9,
2018-09-22,9,Cole Stockton,,20
2018-09-29,17,Johnny Smith,18,
2018-09-29,18,Dylan Mottley-Henry,,17
2018-09-29,22,Cole Stockton,20,
2018-09-29,20,Harvey Gilmour,,22
2018-10-02,17,Johnny Smith,18,
2018-10-02,18,Dylan Mottley-Henry,,17
2018-10-02,22,Cole Stockton,20,
2018-10-02,20,Harvey Gilmour,,22
2018-10-06,17,Johnny Smith,18,
2018-10-06,18,Dylan Mottley-Henry,,17
2018-10-06,19,Paul Mullin,9,
2018-10-06,9,Franklyn Akammadu,,19
2018-10-06,16,Connor Jennings,11,
2018-10-06,11,Mark Ellis,,16
2018-10-12,29,Johnny Smith,18,
2018-10-12,18,Larnell Cole,,29
2018-10-20,8,Luke McCullough,12,
2018-10-20,12,Jay Harris,,8
2018-10-20,9,Harvey Gilmour,22,
2018-10-20,22,Paul Mullin,,9
2018-10-20,29,Johnny Smith,18,
2018-10-20,18,Larnell Cole,,29
2018-10-23,7,Harvey Gilmour,22,
2018-10-23,22,Ben Tollitt,,7
2018-10-23,29,Johnny Smith,18,
2018-10-23,18,Larnell Cole,,29
2018-10-23,9,Connor Jennings,11,
2018-10-23,11,Paul Mullin,,9
2018-10-27,18,Larnell Cole,29,
2018-10-27,29,Johnny Smith,,18
2018-10-27,22,Paul Mullin,9,
2018-10-27,9,Harvey Gilmour,,22
2018-11-03,8,Oliver Banks,28,
2018-11-03,28,Jay Harris,,8
2018-11-03,22,Larnell Cole,29,
2018-11-03,29,Harvey Gilmour,,22
2018-11-03,18,Paul Mullin,9,
2018-11-03,9,Johnny Smith,,18
2018-11-17,29,Harvey Gilmour,22,
2018-11-17,22,Larnell Cole,,29
2018-11-17,9,Johnny Smith,18,
2018-11-17,18,Paul Mullin,,9
2018-11-24,20,Paul Mullin,9,
2018-11-24,9,Cole Stockton,,20
2018-11-27,4,Steve McNulty,5,
2018-11-27,5,Ritchie Sutton,,4
2018-11-27,3,Zoumana Bakayogo,24,
2018-11-27,24,Liam Ridehalgh,,3
2018-11-27,29,Dylan Mottley-Henry,17,
2018-11-27,17,Larnell Cole,,29
2018-12-08,14,Johnny Smith,18,
2018-12-08,18,Jake Caprice,,14
2018-12-08,9,Cole Stockton,20,
2018-12-08,20,Paul Mullin,,9
2018-12-15,9,Jay Harris,8,
2018-12-15,8,Paul Mullin,,9
2018-12-15,22,Larnell Cole,29,
2018-12-15,29,Harvey Gilmour,,22
2018-12-22,18,Jake Caprice,14,
2018-12-22,14,Johnny Smith,,18
2018-12-22,4,Steve McNulty,5,
2018-12-22,5,Ritchie Sutton,,4
2018-12-22,20,Paul Mullin,9,
2018-12-22,9,Cole Stockton,,20
2018-12-26,22,Ritchie Sutton,4,
2018-12-26,4,Harvey Gilmour,,22
2018-12-26,9,Cole Stockton,20,
2018-12-26,20,Paul Mullin,,9
2018-12-29,9,Ritchie Sutton,4,
2018-12-29,4,Paul Mullin,,9
2018-12-29,18,Cole Stockton,20,
2018-12-29,20,Johnny Smith,,18
2019-01-01,29,Johnny Smith,18,
2019-01-01,18,Larnell Cole,,29
2019-02-05,18,Kieron Morris,19,
2019-02-05,19,Johnny Smith,,18
2019-02-05,22,Luke McCullough,12,
2019-02-05,12,Harvey Gilmour,,22
2019-02-05,29,Ben Pringle,27,
2019-02-05,27,Chris Dagnall,,29
2019-01-12,8,Oliver Banks,28,
2019-01-12,28,Jay Harris,,8
2019-01-12,9,Ishmael Miller,15,
2019-01-12,15,Paul Mullin,,9
2019-01-19,2,Mark Ellis,16,
2019-01-19,16,Adam Buxton,,2
2019-01-19,18,Luke McCullough,12,
2019-01-19,12,Johnny Smith,,18
2019-01-19,11,Ishmael Miller,15,
2019-01-19,15,Connor Jennings,,11
2019-01-26,27,Steve McNulty,5,
2019-01-26,5,Ben Pringle,,27
2019-02-19,18,Kieron Morris,19,
2019-02-19,19,Johnny Smith,,18
2019-02-19,22,Ben Pringle,27,
2019-02-19,27,Harvey Gilmour,,22
2019-02-09,16,Sid Nelson,4,
2019-02-09,4,Mark Ellis,,16
2019-02-09,18,Kieron Morris,19,
2019-02-09,19,Johnny Smith,,18
2019-02-09,29,Connor Jennings,11,
2019-02-09,11,Chris Dagnall,,29
2019-02-16,2,Jake Caprice,14,
2019-02-16,14,Adam Buxton,,2
2019-02-16,18,Ben Pringle,27,
2019-02-16,27,Johnny Smith,,18
2019-02-23,4,Mark Ellis,16,
2019-02-23,16,Sid Nelson,,4
2019-02-23,28,Luke McCullough,12,
2019-02-23,12,Oliver Banks,,28
2019-02-23,18,Ben Pringle,27,
2019-02-23,27,Johnny Smith,,18
2019-03-02,22,Johnny Smith,18,
2019-03-02,18,Harvey Gilmour,,22
2019-03-02,4,Ben Pringle,27,
2019-03-02,27,Sid Nelson,,4
2019-03-08,2,Zoumana Bakayogo,24,
2019-03-08,24,Adam Buxton,,2
2019-03-08,22,Ben Pringle,27,
2019-03-08,27,Harvey Gilmour,,22
2019-03-08,28,Johnny Smith,18,
2019-03-08,18,Oliver Banks,,28
2019-03-12,8,Oliver Banks,28,
2019-03-12,28,Jay Harris,,8
2019-03-12,22,Ben Pringle,27,
2019-03-12,27,Harvey Gilmour,,22
2019-04-02,18,Jay Harris,8,
2019-04-02,8,Johnny Smith,,18
2019-03-23,8,Oliver Banks,28,
2019-03-23,28,Jay Harris,,8
2019-03-23,19,Ben Pringle,27,
2019-03-23,27,Kieron Morris,,19
2019-03-30,8,Luke McCullough,12,
2019-03-30,12,Jay Harris,,8
2019-03-30,22,Kieron Morris,19,
2019-03-30,19,Harvey Gilmour,,22
2019-03-30,18,Oliver Banks,28,
2019-03-30,28,Johnny Smith,,18
2019-04-06,29,Johnny Smith,18,
2019-04-06,18,Chris Dagnall,,29
2019-04-13,8,David Perkins,17,
2019-04-13,17,Jay Harris,,8
2019-04-19,4,Mark Ellis,16,
2019-04-19,16,Sid Nelson,,4
2019-04-19,29,Jay Harris,8,
2019-04-19,8,Chris Dagnall,,29
2019-04-19,9,Ben Pringle,27,
2019-04-19,27,Paul Mullin,,9
2019-04-22,21,Sid Nelson,4,
2019-04-22,4,Evan Gumbs,,21
2019-04-22,22,Paul Mullin,9,
2019-04-22,9,Harvey Gilmour,,22
2019-04-30,2,Jake Caprice,14,
2019-04-30,14,Adam Buxton,,2
2019-04-30,9,Ben Pringle,27,
2019-04-30,27,Paul Mullin,,9
2019-05-04,28,Johnny Smith,18,
2019-05-04,18,Oliver Banks,,28
2019-05-04,19,David Perkins,17,
2019-05-04,17,Kieron Morris,,19
2019-05-04,11,Ben Tollitt,7,
2019-05-04,7,Connor Jennings,,11
