game_date,player_name,min_off,min_on,added_time
2012-08-18,Andy Robinson,76,,0
2012-08-18,Abdulai Bell-Baggie,,76,0
2012-08-18,Jean-Louis Akpa Akpro,82,,0
2012-08-18,Cole Stockton,,82,0
2012-08-21,Andy Robinson,73,,0
2012-08-21,Abdulai Bell-Baggie,,73,0
2012-08-21,Joe Thompson,82,,0
2012-08-21,Max Power,,82,0
2012-08-21,Jean-Louis Akpa Akpro,71,,0
2012-08-21,Cole Stockton,,71,0
2012-08-25,Cole Stockton,,63,0
2012-08-25,Jake Cassidy,63,,0
2012-08-25,Joe Thompson,63,,0
2012-08-25,Abdulai Bell-Baggie,,63,0
2012-09-01,Andy Robinson,78,,0
2012-09-01,Jake Kirby,,78,0
2012-09-01,Jake Cassidy,83,,0
2012-09-01,Cole Stockton,,83,0
2012-09-08,Abdulai Bell-Baggie,73,,0
2012-09-08,Adam McGurk,,73,0
2012-09-15,Joe Thompson,,73,0
2012-09-15,Jake Kirby,,90,0
2012-09-15,Abdulai Bell-Baggie,73,,0
2012-09-15,Danny Harrison,,85,0
2012-09-15,Andy Robinson,85,,0
2012-09-15,James Wallace,90,,0
2012-09-18,Andy Robinson,87,,0
2012-09-18,Jake Kirby,,87,0
2012-09-18,Abdulai Bell-Baggie,64,,0
2012-09-18,Joe Thompson,,64,0
2012-09-18,Jean-Louis Akpa Akpro,79,,0
2012-09-18,Cole Stockton,,79,0
2012-09-22,Andy Robinson,90,,1
2012-09-22,Michael Kay,,90,1
2012-09-22,Joe Thompson,71,,0
2012-09-22,Danny Harrison,,71,0
2012-09-29,Danny Harrison,,88,0
2012-09-29,James Wallace,88,,0
2012-09-29,Joe Thompson,85,,0
2012-09-29,Adam McGurk,,85,0
2012-10-02,Andy Robinson,22,,0
2012-10-02,Adam McGurk,,22,0
2012-10-06,Jean-Louis Akpa Akpro,18,,0
2012-10-06,Joe Thompson,,18,0
2012-10-13,Joe Thompson,46,,0
2012-10-13,Cole Stockton,,46,0
2012-10-13,Adam McGurk,86,,0
2012-10-13,Paul Black,,86,0
2012-10-20,Jake Jervis,73,,0
2012-10-20,Paul Black,,73,0
2012-10-20,Abdulai Bell-Baggie,89,,0
2012-10-20,Joe Thompson,,89,0
2012-10-23,Cole Stockton,,77,0
2012-10-23,Adam McGurk,77,,0
2012-10-23,Joe Thompson,,70,0
2012-10-23,Andy Robinson,70,,0
2012-10-27,Adam McGurk,61,,0
2012-10-27,Cole Stockton,,61,0
2012-10-27,Nathan Eccleston,80,,0
2012-10-27,Joe Thompson,,80,0
2012-11-07,Abdulai Bell-Baggie,36,,0
2012-11-07,Adam McGurk,,36,0
2012-11-07,Jake Jervis,74,,0
2012-11-07,Cole Stockton,,74,0
2012-11-10,Cole Stockton,,83,0
2012-11-10,Danny Harrison,,77,0
2012-11-10,Jake Jervis,83,,0
2012-11-10,Michael Kay,,14,0
2012-11-10,Danny Holmes,14,,0
2012-11-10,Joe Thompson,77,,0
2012-11-16,Adam McGurk,90,,0
2012-11-16,Cole Stockton,,90,0
2012-11-16,Jake Jervis,46,,0
2012-11-16,Danny Harrison,,46,0
2012-11-20,Liam Palmer,86,,0
2012-11-20,Max Power,,86,0
2012-11-20,Cole Stockton,64,,0
2012-11-20,Paul Black,,64,0
2012-11-20,Adam McGurk,79,,0
2012-11-20,Jake Kirby,,79,0
2012-11-24,Paul Black,,86,0
2012-11-24,Andy Robinson,86,,0
2012-12-08,Cole Stockton,,72,0
2012-12-08,Adam McGurk,72,,0
2012-12-15,Andy Robinson,77,,0
2012-12-15,Joe Thompson,,77,0
2012-12-21,Zoumana Bakayogo,90,,3
2012-12-21,Paul Black,,90,3
2012-12-21,Danny Holmes,46,,0
2012-12-21,Michael Kay,,46,0
2012-12-21,Ian Goodison,46,,0
2012-12-21,Donervon Daniels,,46,0
2012-12-26,Andy Robinson,87,,0
2012-12-26,Joe Thompson,,87,0
2012-12-29,Adam McGurk,87,,0
2012-12-29,Joe Thompson,,87,0
2012-12-29,Michael O'Halloran,46,,0
2012-12-29,Cole Stockton,,46,0
2013-01-01,Andy Robinson,85,,0
2013-01-01,Joe Thompson,,85,0
2013-01-01,Adam McGurk,77,,0
2013-01-01,Cole Stockton,,77,0
2013-01-12,Andy Robinson,67,,0
2013-01-12,Danny Harrison,,76,0
2013-01-12,Adam McGurk,76,,0
2013-01-12,Jean-Louis Akpa Akpro,,67,0
2013-01-16,Abdulai Bell-Baggie,,77,0
2013-01-16,Cole Stockton,,62,0
2013-01-16,Adam McGurk,,70,0
2013-01-16,Danny Harrison,62,,0
2013-01-16,David Amoo,77,,0
2013-01-16,Michael O'Halloran,70,,0
2013-01-19,Andy Robinson,81,,0
2013-01-19,Abdulai Bell-Baggie,,81,0
2013-01-19,Jean-Louis Akpa Akpro,64,,0
2013-01-19,Cole Stockton,,64,0
2013-01-19,Adam McGurk,82,,0
2013-01-19,Michael O'Halloran,,82,0
2013-02-02,Cole Stockton,,62,0
2013-02-02,David Amoo,62,,0
2013-02-02,Max Power,85,,0
2013-02-02,Abdulai Bell-Baggie,,85,0
2013-02-02,Adam McGurk,76,,0
2013-02-02,Michael O'Halloran,,76,0
2013-02-09,Abdulai Bell-Baggie,,70,0
2013-02-09,David Amoo,70,,0
2013-02-09,Michael O'Halloran,,70,0
2013-02-09,Adam McGurk,70,,0
2013-02-15,Michael O'Halloran,81,,0
2013-02-15,Cole Stockton,69,,0
2013-02-15,Paul Corry,,69,0
2013-02-15,Danny Harrison,,70,0
2013-02-15,David Amoo,,81,0
2013-02-15,Danny Holmes,70,,0
2013-02-19,Abdulai Bell-Baggie,,64,0
2013-02-19,David Amoo,64,,0
2013-02-19,Paul Black,,64,0
2013-02-19,Cole Stockton,64,,0
2013-02-23,Andy Robinson,81,,0
2013-02-23,Paul Black,,81,0
2013-02-23,Mamady Sidibe,69,,0
2013-02-23,Cole Stockton,,69,0
2013-02-26,Abdulai Bell-Baggie,79,,0
2013-02-26,Cole Stockton,,11,0
2013-02-26,Paul Black,,79,0
2013-02-26,Donervon Daniels,,26,0
2013-02-26,Ian Goodison,26,,0
2013-02-26,Andy Robinson,11,,0
2013-03-02,Michael O'Halloran,64,,0
2013-03-02,David Amoo,,65,0
2013-03-02,Liam Palmer,,64,0
2013-03-02,Cole Stockton,,43,0
2013-03-02,Mamady Sidibe,43,,0
2013-03-02,Abdulai Bell-Baggie,65,,0
2013-03-09,Paul Corry,60,,0
2013-03-09,Cole Stockton,,60,0
2013-03-09,Michael O'Halloran,20,,0
2013-03-09,David Amoo,,20,0
2013-03-09,Abdulai Bell-Baggie,90,,2
2013-03-09,Danny Harrison,,90,2
2013-03-12,David Amoo,,80,0
2013-03-12,Abdulai Bell-Baggie,80,,0
2013-03-12,Cole Stockton,,63,0
2013-03-12,Donervon Daniels,,56,0
2013-03-12,Ian Goodison,56,,0
2013-03-12,Michael O'Halloran,63,,0
2013-03-16,Zoumana Bakayogo,81,,0
2013-03-16,Cole Stockton,,81,0
2013-03-16,Danny Harrison,63,,0
2013-03-16,Abdulai Bell-Baggie,,63,0
2013-03-24,Zoumana Bakayogo,84,,0
2013-03-24,David Amoo,,84,0
2013-03-24,Abdulai Bell-Baggie,80,,0
2013-03-24,Michael O'Halloran,,80,0
2013-03-29,Adam McGurk,,65,0
2013-03-29,Abdulai Bell-Baggie,65,,0
2013-04-01,Zoumana Bakayogo,61,,0
2013-04-01,Cole Stockton,,61,0
2013-04-06,Sean McGinty,74,,0
2013-04-06,Michael O'Halloran,,74,0
2013-04-06,Max Power,89,,0
2013-04-06,Ian Goodison,,89,0
2013-04-06,Abdulai Bell-Baggie,74,,0
2013-04-06,Joe Thompson,,74,0
2013-04-13,Mamady Sidibe,61,,0
2013-04-13,Cole Stockton,,61,0
2013-04-13,Joe Thompson,,61,0
2013-04-13,Michael O'Halloran,,83,0
2013-04-13,Andy Robinson,83,,0
2013-04-13,Abdulai Bell-Baggie,61,,0
2013-04-20,Michael O'Halloran,67,,0
2013-04-20,Abdulai Bell-Baggie,,67,0
2013-04-20,Mamady Sidibe,80,,0
2013-04-20,Cole Stockton,,80,0
2013-04-27,Adam McGurk,,65,0
2013-04-27,Mamady Sidibe,65,,0
2013-04-27,Danny Harrison,,79,0
2013-04-27,Abdulai Bell-Baggie,,65,0
2013-04-27,Andy Robinson,65,,0
2013-04-27,Liam Palmer,79,,0
2013-08-03,Abdulai Bell-Baggie,,80,0
2013-08-03,Jason Koumas,,66,0
2013-08-03,Chris Atkinson,66,,0
2013-08-03,Jean-Louis Akpa Akpro,80,,0
2013-08-06,James Rowe,64,,0
2013-08-06,Akpo Sodje,72,,0
2013-08-06,Jason Koumas,,64,0
2013-08-06,Jean-Louis Akpa Akpro,,72,0
2013-08-10,Max Power,64,,0
2013-08-10,Jason Koumas,,64,0
2013-08-10,Akpo Sodje,58,,0
2013-08-10,Jean-Louis Akpa Akpro,,58,0
2013-08-17,James Rowe,,86,0
2013-08-17,Andrai Jones,,38,0
2013-08-17,Max Power,86,,0
2013-08-17,Jason Koumas,,71,0
2013-08-17,Joe Thompson,38,,0
2013-08-17,Andy Robinson,71,,0
2013-08-24,Steve Foster,46,,0
2013-08-24,Ian Goodison,,46,0
2013-08-24,Abdulai Bell-Baggie,40,,0
2013-08-24,Jason Koumas,,40,0
2013-08-24,Ryan Lowe,64,,0
2013-08-24,Cole Stockton,,64,0
2013-08-27,Chris Atkinson,112,,0
2013-08-27,Abdulai Bell-Baggie,,112,0
2013-08-27,Jake Kirby,,74,0
2013-08-27,Jason Koumas,74,,0
2013-08-31,Ryan Lowe,,71,0
2013-08-31,Akpo Sodje,,88,0
2013-08-31,Jean-Louis Akpa Akpro,88,,0
2013-08-31,Jason Koumas,71,,0
2013-09-03,Akpo Sodje,81,,0
2013-09-03,Jean-Louis Akpa Akpro,,81,0
2013-09-03,Cole Stockton,65,,0
2013-09-03,Jake Kirby,,65,0
2013-09-03,James Rowe,65,,0
2013-09-03,Joe Thompson,,65,0
2013-09-07,Joe Thompson,82,,0
2013-09-07,Ash Taylor,,61,0
2013-09-07,Ian Goodison,61,,0
2013-09-07,Akpo Sodje,,82,0
2013-09-14,Andy Robinson,,78,0
2013-09-14,Joe Thompson,78,,0
2013-09-14,Cole Stockton,,78,0
2013-09-14,Ryan Lowe,78,,0
2013-09-14,Abdulai Bell-Baggie,,90,0
2013-09-14,James Rowe,90,,0
2013-09-21,Joe Thompson,56,,0
2013-09-21,Abdulai Bell-Baggie,,55,0
2013-09-21,James Rowe,55,,0
2013-09-21,Cole Stockton,,56,0
2013-09-25,Abdulai Bell-Baggie,,74,0
2013-09-25,Danny Holmes,,45,0
2013-09-25,Evan Horwood,45,,0
2013-09-25,James Rowe,74,,0
2013-09-28,James Rowe,45,,0
2013-09-28,Max Power,,45,0
2013-09-28,Joe Thompson,33,,0
2013-09-28,Ian Goodison,,33,0
2013-09-28,Akpo Sodje,,70,0
2013-09-28,Cole Stockton,70,,0
2013-10-05,Akpo Sodje,73,,0
2013-10-05,Cole Stockton,,73,0
2013-10-05,James Rowe,,81,0
2013-10-05,Tom Hateley,81,,0
2013-10-05,Abdulai Bell-Baggie,,87,0
2013-10-05,Liam Ridehalgh,87,,0
2013-10-13,Ryan Lowe,90,,2
2013-10-13,Abdulai Bell-Baggie,,81,0
2013-10-13,Jake Kirby,81,,0
2013-10-13,Evan Horwood,,78,0
2013-10-13,Jim McNulty,78,,0
2013-10-13,Cole Stockton,,90,2
2013-10-19,Tom Hateley,62,,0
2013-10-19,Liam Ridehalgh,62,,0
2013-10-19,Abdulai Bell-Baggie,,62,0
2013-10-19,Akpo Sodje,,62,0
2013-10-22,Chris Atkinson,90,,1
2013-10-22,James Rowe,,90,1
2013-10-22,Tom Hateley,62,,0
2013-10-22,Abdulai Bell-Baggie,,62,0
2013-10-22,Steven Jennings,68,,0
2013-10-22,Cole Stockton,,68,0
2013-10-26,James Rowe,,45,0
2013-10-26,Danny Holmes,32,,0
2013-10-26,Tom Hateley,45,,0
2013-10-26,Steven Jennings,,32,0
2013-10-26,Evan Horwood,,74,0
2013-10-26,Abdulai Bell-Baggie,74,,0
2013-11-02,Tom Hateley,65,,0
2013-11-02,Jason Koumas,,65,0
2013-11-09,Jean-Louis Akpa Akpro,,59,0
2013-11-09,Abdulai Bell-Baggie,87,,0
2013-11-09,Cole Stockton,,87,0
2013-11-09,Tom Hateley,59,,0
2013-11-16,Abdulai Bell-Baggie,79,,0
2013-11-16,Jean-Louis Akpa Akpro,,79,0
2013-11-23,James Wallace,,72,0
2013-11-23,Max Power,80,,0
2013-11-23,Evan Horwood,,80,0
2013-11-23,Ryan Lowe,88,,0
2013-11-23,Akpo Sodje,,88,0
2013-11-23,Jason Koumas,72,,0
2013-11-26,Jake Kirby,69,,0
2013-11-26,Max Power,45,,0
2013-11-26,James Wallace,,45,0
2013-11-26,Abdulai Bell-Baggie,,69,0
2013-11-26,Akpo Sodje,,68,0
2013-11-26,Jason Koumas,68,,0
2013-11-30,James Wallace,90,,3
2013-11-30,Danny Holmes,,5,0
2013-11-30,Jon Otsemobor,5,,0
2013-11-30,Ian Goodison,12,,0
2013-11-30,James Rowe,,90,3
2013-11-30,Evan Horwood,,12,0
2013-12-07,Jean-Louis Akpa Akpro,59,,0
2013-12-07,Jake Kirby,65,,0
2013-12-07,Cole Stockton,,59,0
2013-12-07,James Rowe,,65,0
2013-12-14,Chris Atkinson,60,,0
2013-12-14,James Rowe,,60,0
2013-12-20,Jean-Louis Akpa Akpro,64,,0
2013-12-20,Cole Stockton,,64,0
2013-12-20,Jake Kirby,57,,0
2013-12-20,Evan Horwood,,57,0
2013-12-20,Kristoffer Peterson,72,,0
2013-12-20,Andy Robinson,,72,0
2013-12-26,Jake Kirby,,70,0
2013-12-26,Steven Jennings,,72,0
2013-12-26,James Wallace,72,,0
2013-12-26,Max Power,,83,0
2013-12-26,Chris Atkinson,83,,0
2013-12-26,Andy Robinson,70,,0
2013-12-29,Max Power,,44,0
2013-12-29,Chris Atkinson,61,,0
2013-12-29,Jean-Louis Akpa Akpro,,61,0
2013-12-29,Andy Robinson,62,,0
2013-12-29,Jake Kirby,,62,0
2013-12-29,Danny Holmes,44,,0
2014-01-01,Jake Kirby,,64,0
2014-01-01,Jason Koumas,72,,0
2014-01-01,Max Power,,72,0
2014-01-01,Andy Robinson,64,,0
2014-01-11,Jake Kirby,,65,0
2014-01-11,Andy Robinson,65,,0
2014-01-11,Cole Stockton,,65,0
2014-01-11,Jason Koumas,65,,0
2014-01-11,Jean-Louis Akpa Akpro,,90,3
2014-01-11,Matthew Kennedy,90,,3
2014-01-18,Liam Ridehalgh,46,,0
2014-01-18,Evan Horwood,,46,0
2014-01-18,James Rowe,68,,0
2014-01-18,Max Power,,68,0
2014-01-18,Jason Koumas,76,,0
2014-01-18,Cole Stockton,,76,0
2014-01-25,Jake Cassidy,71,,0
2014-01-25,Cole Stockton,,71,0
2014-01-25,Jake Kirby,79,,0
2014-01-25,Andy Robinson,,79,0
2014-01-28,Steven Jennings,74,,0
2014-01-28,Andy Robinson,,59,0
2014-01-28,Jake Kirby,59,,0
2014-01-28,Cole Stockton,,78,0
2014-01-28,Matthew Kennedy,78,,0
2014-01-28,Jason Koumas,,74,0
2014-02-01,Jake Kirby,,72,0
2014-02-01,Matthew Kennedy,72,,0
2014-02-08,Andy Robinson,,82,0
2014-02-08,Matthew Kennedy,82,,0
2014-02-08,Jason Koumas,,28,0
2014-02-08,Jake Kirby,28,,0
2014-02-15,Jake Kirby,,83,0
2014-02-15,Matthew Kennedy,83,,0
2014-02-22,Jake Cassidy,66,,0
2014-02-22,Andy Robinson,,86,0
2014-02-22,Ryan Lowe,57,,0
2014-02-22,Jake Kirby,,57,0
2014-02-22,Cole Stockton,,66,0
2014-02-22,Matthew Kennedy,86,,0
2014-03-01,Jake Kirby,,70,0
2014-03-01,Andy Robinson,90,,0
2014-03-01,Jason Koumas,70,,0
2014-03-01,James Rowe,,90,0
2014-03-08,Liam Ridehalgh,66,,0
2014-03-08,Andy Robinson,,66,0
2014-03-11,Andy Robinson,,72,0
2014-03-11,Jake Cassidy,88,,0
2014-03-11,Cole Stockton,,88,0
2014-03-11,Junior Brown,72,,0
2014-03-15,Cole Stockton,,90,0
2014-03-15,Jason Koumas,51,,0
2014-03-15,Andy Robinson,,51,0
2014-03-15,James Wallace,37,,0
2014-03-15,Max Power,,37,0
2014-03-15,Ryan Lowe,90,,0
2014-03-22,Cole Stockton,,76,0
2014-03-22,Ian Goodison,,58,0
2014-03-22,Stephen Arthurworrey,76,,0
2014-03-22,Junior Brown,58,,0
2014-03-25,Danny Holmes,74,,0
2014-03-25,Andy Robinson,,74,0
2014-03-25,Steven Jennings,85,,0
2014-03-25,James Rowe,,85,0
2014-03-25,James Wallace,42,,0
2014-03-25,Gboly Ariyibi,,42,0
2014-03-29,Jake Kirby,74,,0
2014-03-29,Gboly Ariyibi,,74,0
2014-04-05,Ryan Lowe,86,,0
2014-04-05,Cole Stockton,,86,0
2014-04-05,Jake Kirby,,58,0
2014-04-05,Stephen Arthurworrey,54,,0
2014-04-05,Danny Holmes,,54,0
2014-04-05,Jason Koumas,58,,0
2014-04-12,Jason Koumas,78,,0
2014-04-12,Stephen Arthurworrey,,78,0
2014-04-12,Ian Goodison,78,,0
2014-04-12,Junior Brown,,78,0
2014-04-15,Junior Brown,73,,0
2014-04-15,Jake Kirby,79,,0
2014-04-15,James Rowe,,79,0
2014-04-15,Cole Stockton,,73,0
2014-04-18,Ian Goodison,28,,0
2014-04-18,Stephen Arthurworrey,,90,0
2014-04-18,Ryan Lowe,90,,0
2014-04-18,Cole Stockton,,85,0
2014-04-18,Jason Koumas,85,,0
2014-04-18,Danny Holmes,,28,0
2014-04-21,Jake Kirby,,20,0
2014-04-21,Jean-Louis Akpa-Akpro,20,,0
2014-04-21,James Rowe,,41,0
2014-04-21,Jake Cassidy,90,,0
2014-04-21,Cole Stockton,,90,0
2014-04-21,Liam Ridehalgh,41,,0
2014-04-26,Jake Kirby,,45,0
2014-04-26,Jean-Louis Akpa-Akpro,45,,0
2014-04-26,James Rowe,,45,0
2014-04-26,Jake Cassidy,45,,0
2014-05-03,Liam Ridehalgh,90,,0
2014-05-03,Max Power,89,,0
2014-05-03,James Rowe,,89,0
2014-05-03,Jake Kirby,,90,0
2014-08-09,Max Power,62,,0
2014-08-09,Abdulai Bell-Baggie,,71,0
2014-08-09,Jason Koumas,71,,0
2014-08-09,Kayode Odejayi,,78,0
2014-08-09,Eliot Richards,78,,0
2014-08-09,James Rowe,,62,0
2014-08-12,Cole Stockton,,79,0
2014-08-12,James Rowe,79,,0
2014-08-12,Max Power,,84,0
2014-08-12,Matthew Gill,84,,0
2014-08-12,Gerardo Bruna,,74,0
2014-08-12,Abdulai Bell-Baggie,74,,0
2014-08-16,Danny Holmes,54,,0
2014-08-16,Clayton McDonald,,54,0
2014-08-16,Abdulai Bell-Baggie,62,,0
2014-08-16,James Rowe,,62,0
2014-08-16,Cole Stockton,79,,0
2014-08-16,Kayode Odejayi,,79,0
2014-08-23,James Rowe,,69,0
2014-08-23,Eliot Richards,69,,0
2014-08-23,Jake Kirby,77,,0
2014-08-23,Dan Woodards,57,,0
2014-08-23,Danny Holmes,,57,0
2014-08-23,Kayode Odejayi,,77,0
2014-08-30,Eliot Richards,58,,0
2014-08-30,Kayode Odejayi,,58,0
2014-09-06,Jake Kirby,,78,0
2014-09-06,Eliot Richards,78,,0
2014-09-06,Jason Koumas,,78,0
2014-09-06,James Rowe,78,,0
2014-09-13,Abdulai Bell-Baggie,78,,0
2014-09-13,George Donnelly,,78,0
2014-09-16,Marcus Holness,,11,0
2014-09-16,Max Power,71,,0
2014-09-16,Jason Koumas,,71,0
2014-09-16,Cole Stockton,74,,0
2014-09-16,George Donnelly,,74,0
2014-09-16,Matt Hill,11,,0
2014-09-20,Kayode Odejayi,,58,0
2014-09-20,Matt Gill,61,,0
2014-09-20,Jason Koumas,,61,0
2014-09-20,Cole Stockton,58,,0
2014-09-20,George Donnelly,,58,0
2014-09-20,Eliot Richards,58,,0
2014-09-27,Cole Stockton,,78,0
2014-09-27,George Donnelly,78,,0
2014-09-27,Matt Gill,80,,0
2014-09-27,Jason Koumas,,80,0
2014-09-27,Matthias Fanimo,,80,0
2014-09-27,Jake Kirby,80,,0
2014-10-04,Jason Koumas,,73,0
2014-10-04,Abdulai Bell-Baggie,81,,0
2014-10-04,Eliot Richards,,81,0
2014-10-04,George Donnelly,73,,0
2014-10-04,Jake Kirby,,73,0
2014-10-04,Matt Gill,73,,0
2014-10-07,Jake Kirby,,71,0
2014-10-07,Janoi Donacien,64,,0
2014-10-07,Ben Davies,,64,0
2014-10-07,Abdulai Bell-Baggie,71,,0
2014-10-11,Marc Laird,,75,0
2014-10-11,George Donnelly,75,,0
2014-10-11,Max Power,75,,0
2014-10-11,Matt Gill,76,,0
2014-10-11,Eliot Richards,,75,0
2014-10-11,Abdulai Bell-Baggie,,76,0
2014-10-18,Eliot Richards,,71,0
2014-10-18,Kayode Odejayi,71,,0
2014-10-18,Marc Laird,,45,0
2014-10-18,Matt Gill,45,,0
2014-10-18,Abdulai Bell-Baggie,,71,0
2014-10-18,George Barker,71,,0
2014-10-21,Kayode Odejayi,,86,0
2014-10-21,Jake Kirby,86,,0
2014-10-21,George Barker,75,,0
2014-10-21,Abdulai Bell-Baggie,,75,0
2014-10-21,Danny Johnson,73,,0
2014-10-21,George Donnelly,,73,0
2014-10-25,George Barker,55,,0
2014-10-25,Liam Ridehalgh,,55,0
2014-10-25,Danny Johnson,71,,0
2014-10-25,George Donnelly,,71,0
2014-10-25,Jake Kirby,55,,0
2014-10-25,Kayode Odejayi,,55,0
2014-11-01,Liam Ridehalgh,,58,0
2014-11-01,Danny Johnson,58,,0
2014-11-01,George Donnelly,,71,0
2014-11-01,Kayode Odejayi,71,,0
2014-11-01,Eliot Richards,,71,0
2014-11-01,Danny Holmes,71,,0
2014-11-08,Eliot Richards,64,,0
2014-11-08,Kayode Odejayi,,64,0
2014-11-11,Kayode Odejayi,,79,0
2014-11-11,Danny Johnson,79,,0
2014-11-11,Marc Laird,,80,0
2014-11-11,James Rowe,80,,0
2014-11-11,Abdulai Bell-Baggie,79,,0
2014-11-11,Jake Kirby,,79,0
2014-11-15,Josh Thompson,72,,0
2014-11-15,Evan Gumbs,,72,0
2014-11-15,Janoi Donacien,67,,0
2014-11-15,Danny Holmes,,67,0
2014-11-15,Marc Laird,72,,0
2014-11-15,Kayode Odejayi,,72,0
2014-11-22,Liam Ridehalgh,73,,0
2014-11-22,Jason Koumas,,73,0
2014-11-22,Calaum Jahraldo-Martin,73,,0
2014-11-22,Kayode Odejayi,,73,0
2014-11-29,Will Aimson,21,,0
2014-11-29,Cole Stockton,85,,0
2014-11-29,Marc Laird,,68,0
2014-11-29,James Rowe,68,,0
2014-11-29,Kayode Odejayi,,85,0
2014-11-29,Marcus Holness,,21,0
2014-12-06,Calaum Jahraldo-Martin,66,,0
2014-12-06,Guy Madjo,,66,0
2014-12-06,Danny Holmes,73,,0
2014-12-06,Cole Stockton,72,,0
2014-12-06,Kayode Odejayi,,72,0
2014-12-06,Jason Koumas,,73,0
2014-12-09,James Rowe,76,,0
2014-12-09,Marc Laird,,76,0
2014-12-09,Cole Stockton,82,,0
2014-12-09,George Donnelly,,82,0
2014-12-13,Cole Stockton,,72,0
2014-12-13,Shamir Fenelon,72,,0
2014-12-13,James Rowe,,49,0
2014-12-13,Marc Laird,49,,0
2014-12-16,Danny Holmes,66,,0
2014-12-16,Calaum Jahraldo-Martin,,66,0
2014-12-16,James Rowe,66,,0
2014-12-16,Shamir Fenelon,,66,0
2014-12-16,Cole Stockton,75,,0
2014-12-16,Marc Laird,,75,0
2014-12-19,Guy Madjo,,83,0
2014-12-19,Michael Ihiekwe,36,,0
2014-12-19,Dan Woodards,,36,0
2014-12-19,Kayode Odejayi,66,,0
2014-12-19,Cole Stockton,,66,0
2014-12-19,Shamir Fenelon,83,,0
2014-12-26,Josh Thompson,45,,0
2014-12-26,Calaum Jahraldo-Martin,,45,0
2014-12-26,Steven Jennings,60,,0
2014-12-26,Chris Shuker,,60,0
2014-12-26,Shamir Fenelon,60,,0
2014-12-26,Kayode Odejayi,,60,0
2014-12-28,Chris Shuker,62,,0
2014-12-28,Jake Kirby,,62,0
2014-12-28,Kayode Odejayi,45,,0
2014-12-28,Cole Stockton,,45,0
2014-12-28,Guy Madjo,,90,3
2014-12-28,Shamir Fenelon,90,,3
2015-01-03,Josh Thompson,56,,0
2015-01-03,James Rowe,,72,0
2015-01-03,Abdulai Bell-Baggie,,72,0
2015-01-03,Shamir Fenelon,72,,0
2015-01-03,Marc Laird,72,,0
2015-01-03,Jake Kirby,,56,0
2015-01-10,Marcus Holness,32,,0
2015-01-10,Rory Donnelly,,32,0
2015-01-10,Marc Laird,67,,0
2015-01-10,George Donnelly,,67,0
2015-01-10,Shamir Fenelon,67,,0
2015-01-10,Jason Koumas,,67,0
2015-01-17,Rory Donnelly,76,,0
2015-01-17,Jake Kirby,,76,0
2015-01-17,Marc Laird,9,,0
2015-01-17,Jason Koumas,,9,0
2015-01-17,Shamir Fenelon,87,,0
2015-01-17,Mitch Duggan,,87,0
2015-01-24,Jason Koumas,,62,0
2015-01-24,Shamir Fenelon,62,,0
2015-01-24,Jennison Myrie-Williams,,62,0
2015-01-24,Kayode Odejayi,79,,0
2015-01-24,Cole Stockton,,79,0
2015-01-24,Lee Molyneux,62,,0
2015-01-31,Jennison Myrie-Williams,65,,0
2015-01-31,Danny Holmes,6,,0
2015-01-31,Liam Ridehalgh,,6,0
2015-01-31,Shamir Fenelon,,65,0
2015-01-31,Kayode Odejayi,90,,0
2015-01-31,Cole Stockton,,90,0
2015-02-07,Lee Molyneux,57,,0
2015-02-07,Cole Stockton,,57,0
2015-02-07,Josh Thompson,83,,0
2015-02-07,Iain Hume,,57,0
2015-02-07,Kayode Odejayi,57,,0
2015-02-07,Jason Koumas,,83,0
2015-02-10,Liam Ridehalgh,,81,0
2015-02-10,Marc Laird,,74,0
2015-02-10,Lee Molyneux,74,,0
2015-02-10,Danny Holmes,81,,0
2015-02-10,Jennison Myrie-Williams,74,,0
2015-02-10,Iain Hume,,74,0
2015-02-14,Jennison Myrie-Williams,75,,0
2015-02-14,Iain Hume,67,,0
2015-02-14,Jason Koumas,,69,0
2015-02-14,Kayode Odejayi,69,,0
2015-02-14,Lee Molyneux,,75,0
2015-02-14,Jake Kirby,,67,0
2015-02-21,Jennison Myrie-Williams,88,,0
2015-02-21,Harrison McGahey,,88,0
2015-02-24,Rory Donnelly,81,,0
2015-02-24,Liam Ridehalgh,,45,0
2015-02-24,Rob Taylor,45,,0
2015-02-24,Harrison McGahey,,70,0
2015-02-24,Josh Thompson,70,,0
2015-02-24,Michael Ihiekwe,,81,0
2015-02-28,Iain Hume,,63,0
2015-02-28,Kayode Odejayi,63,,0
2015-02-28,Marc Laird,,63,0
2015-02-28,Rory Donnelly,63,,0
2015-02-28,Lee Molyneux,78,,0
2015-02-28,Jake Kirby,,78,0
2015-03-03,Harrison McGahey,60,,0
2015-03-03,Dan Gardner,,60,0
2015-03-03,Steven Jennings,72,,0
2015-03-03,Jake Kirby,,72,0
2015-03-03,Jordan Hugill,60,,0
2015-03-03,Iain Hume,,60,0
2015-03-07,Danny Holmes,,45,0
2015-03-07,Jordan Hugill,63,,0
2015-03-07,Josh Thompson,45,,0
2015-03-07,Jason Koumas,40,,0
2015-03-07,Kayode Odejayi,,63,0
2015-03-07,Dan Gardner,,40,0
2015-03-14,Josh Thompson,71,,0
2015-03-14,Jordan Hugill,,71,0
2015-03-14,Steven Jennings,78,,0
2015-03-14,Chris Shuker,,78,0
2015-03-14,Rob Taylor,45,,0
2015-03-14,Rory Donnelly,,45,0
2015-03-17,Rory Donnelly,,82,0
2015-03-17,Dan Gardner,82,,0
2015-03-17,Jordan Hugill,,85,0
2015-03-17,Jennison Myrie-Williams,85,,0
2015-03-17,Adam Dugdale,,24,0
2015-03-17,Josh Thompson,24,,0
2015-03-21,Liam Ridehalgh,80,,0
2015-03-21,Jake Kirby,,80,0
2015-03-21,Ben Jago,,77,0
2015-03-21,Jordan Hugill,45,,0
2015-03-21,Lee Molyneux,,45,0
2015-03-21,Marc Laird,77,,0
2015-03-28,Iain Hume,,64,0
2015-03-28,Rory Donnelly,64,,0
2015-03-28,Lee Molyneux,,84,0
2015-03-28,Liam Ridehalgh,84,,0
2015-04-03,Rob Taylor,66,,0
2015-04-03,Lee Molyneux,,66,0
2015-04-03,Jennison Myrie-Williams,80,,0
2015-04-03,Iain Hume,,80,0
2015-04-06,Rory Donnelly,,76,0
2015-04-06,Iain Hume,,61,0
2015-04-06,Rob Taylor,61,,0
2015-04-06,Marc Laird,,50,0
2015-04-06,Max Power,50,,0
2015-04-06,Jennison Myrie-Williams,76,,0
2015-04-11,Max Power,61,,0
2015-04-11,Rory Donnelly,,61,0
2015-04-11,Josh Thompson,61,,0
2015-04-11,Cole Stockton,73,,0
2015-04-11,Jake Kirby,,73,0
2015-04-11,Jennison Myrie-Williams,,61,0
2015-04-14,Rob Taylor,62,,0
2015-04-14,Matt Hill,,62,0
2015-04-14,Rory Donnelly,62,,0
2015-04-14,Iain Hume,,62,0
2015-04-14,Cole Stockton,62,,0
2015-04-14,Kayode Odejayi,,62,0
2015-04-18,Rob Taylor,71,,0
2015-04-18,Jennison Myrie-Williams,61,,0
2015-04-18,Jason Koumas,,61,0
2015-04-18,Matt Hill,,71,0
2015-04-18,Marc Laird,,61,0
2015-04-18,George Green,61,,0
2015-04-25,Marc Laird,59,,0
2015-04-25,George Green,,59,0
2015-04-25,Matt Hill,66,,0
2015-04-25,Iain Hume,,66,0
2015-05-02,Tolani Omotola,,76,0
2015-05-02,Rory Donnelly,76,,0
2015-05-02,Ben Jago,,89,0
2015-05-02,Jake Kirby,,90,0
2015-05-02,Jason Koumas,90,,0
2015-05-02,Iain Hume,89,,0
2015-08-08,James Norwood,64,,0
2015-08-08,Adam Mekki,,64,0
2015-08-11,Liam Ridehalgh,46,,0
2015-08-11,Adam Mekki,,46,0
2015-08-11,Cole Stockton,90,,2
2015-08-11,Marcus Holness,,90,2
2015-08-15,James Norwood,,47,0
2015-08-15,Cole Stockton,47,,0
2015-08-15,Liam Hogan,45,,0
2015-08-15,Andy Mangan,72,,0
2015-08-15,Martin Riley,,45,0
2015-08-15,Adam Mekki,,72,0
2015-08-22,Lois Maynard,55,,0
2015-08-22,Nathan Blissett,,55,0
2015-08-22,Johnny Margetts,71,,0
2015-08-22,Adam Mekki,,71,0
2015-08-29,Liam Ridehalgh,73,,0
2015-08-29,Marlon Jackson,,73,0
2015-08-29,Cole Stockton,63,,0
2015-08-29,Andy Mangan,,63,0
2015-08-29,Johnny Margetts,63,,0
2015-08-29,Nathan Blissett,,63,0
2015-08-31,Michael Ihiekwe,,83,0
2015-08-31,Marlon Jackson,,46,0
2015-08-31,Nathan Blissett,83,,0
2015-08-31,Adam Mekki,46,,0
2015-09-05,Andy Mangan,79,,0
2015-09-05,Marcus Holness,,79,0
2015-09-12,Adam Dawson,78,,0
2015-09-12,Marlon Jackson,,78,0
2015-09-12,James Norwood,90,,4
2015-09-12,Johnny Margetts,,90,4
2015-09-12,Andy Mangan,86,,0
2015-09-12,Lois Maynard,,86,0
2015-09-15,Andy Mangan,56,,0
2015-09-15,Marlon Jackson,,56,0
2015-09-18,Marlon Jackson,71,,0
2015-09-18,Nathan Blissett,,51,0
2015-09-18,Lois Maynard,,71,0
2015-09-18,Marcus Holness,,33,0
2015-09-18,Adam Mekki,51,,0
2015-09-18,Liam Hogan,33,,0
2015-09-22,Adam Dawson,90,,4
2015-09-22,Johnny Margetts,,90,4
2015-09-22,Nathan Blissett,46,,0
2015-09-22,Andy Mangan,,46,0
2015-09-26,Johnny Margetts,,90,5
2015-09-26,Andy Mangan,90,,5
2015-09-26,Adam Dawson,59,,0
2015-09-26,Marlon Jackson,,59,0
2015-10-03,Michael Ihiekwe,33,,0
2015-10-03,Martin Riley,,33,0
2015-10-03,Adam Dawson,90,,4
2015-10-03,Marlon Jackson,,90,4
2015-10-06,Adam Dawson,66,,0
2015-10-06,James Norwood,,66,0
2015-10-06,Andy Mangan,83,,0
2015-10-06,Marlon Jackson,,83,0
2015-10-06,Johnny Margetts,66,,0
2015-10-06,Steven Jennings,,66,0
2015-10-10,Liam Ridehalgh,,67,0
2015-10-10,Adam Dawson,67,,0
2015-10-10,Ritchie Sutton,57,,0
2015-10-10,Marlon Jackson,62,,0
2015-10-10,Steven Jennings,,57,0
2015-10-10,Adam Mekki,,62,0
2015-10-13,Liam Ridehalgh,60,,0
2015-10-13,Marlon Jackson,,60,0
2015-10-17,Liam Ridehalgh,90,,2
2015-10-17,Ritchie Sutton,,90,2
2015-10-17,James Norwood,90,,3
2015-10-17,Marlon Jackson,,90,3
2015-10-31,Liam Ridehalgh,46,,0
2015-10-31,Andy Mangan,,46,0
2015-11-14,Ben Tomlinson,74,,0
2015-11-14,Adam Mekki,,74,0
2015-11-21,Ben Tomlinson,,85,0
2015-11-21,Martin Riley,69,,0
2015-11-21,Lois Maynard,,69,0
2015-11-21,Adam Mekki,85,,0
2015-11-24,Adam Mekki,62,,0
2015-11-24,Ritchie Sutton,,62,0
2015-11-24,Andy Mangan,58,,0
2015-11-24,Ben Tomlinson,,58,0
2015-11-28,Andy Mangan,,50,0
2015-11-28,Adam Mekki,,29,0
2015-11-28,Gary Taylor-Fletcher,50,,0
2015-11-28,Ritchie Sutton,,41,0
2015-11-28,Liam Hogan,41,,0
2015-11-28,Jay Harris,29,,0
2015-12-05,Adam Dawson,,46,0
2015-12-05,Liam Ridehalgh,46,,0
2015-12-19,Liam Ridehalgh,46,,0
2015-12-19,Ritchie Sutton,,46,0
2015-12-19,Adam Mekki,66,,0
2015-12-19,Ben Tomlinson,,66,0
2015-12-19,Gary Taylor-Fletcher,75,,0
2015-12-19,Andy Mangan,,75,0
2015-12-26,Gary Taylor-Fletcher,46,,0
2015-12-26,Ben Tomlinson,,46,0
2015-12-28,Jake Kirby,,86,0
2015-12-28,Ben Tomlinson,86,,0
2015-12-28,Adam Mekki,69,,0
2015-12-28,Andy Mangan,,69,0
2016-01-02,Cole Stockton,,82,0
2016-01-02,Jeff Hughes,71,,0
2016-01-02,Ben Tomlinson,,71,0
2016-01-02,Adam Mekki,82,,0
2016-01-09,Ben Tomlinson,77,,0
2016-01-09,Cole Stockton,,77,0
2016-01-09,Adam Mekki,86,,0
2016-01-09,Jake Kirby,,86,0
2016-01-23,Adam Mekki,86,,0
2016-01-23,Gary Taylor-Fletcher,,86,0
2016-01-30,Jack Mackreth,,71,0
2016-01-30,Adam Mekki,71,,0
2016-01-30,Steve McNulty,47,,0
2016-01-30,Ritchie Sutton,,47,0
2016-02-06,Gary Taylor-Fletcher,81,,0
2016-02-06,Jack Mackreth,,81,0
2016-02-13,Jack Mackreth,70,,0
2016-02-13,Gary Taylor-Fletcher,,70,0
2016-02-20,Gary Taylor-Fletcher,59,,0
2016-02-20,Adam Mekki,,59,0
2016-02-20,Jeff Hughes,70,,0
2016-02-20,Jake Kirby,,70,0
2016-02-28,Jack Mackreth,,74,0
2016-02-28,Jake Kirby,74,,0
2016-02-28,Gary Taylor-Fletcher,,81,0
2016-02-28,Michael Higdon,81,,0
2016-03-05,Adam Mekki,90,,3
2016-03-05,Johnny Margetts,,90,3
2016-03-05,Jake Kirby,74,,0
2016-03-05,Jack Mackreth,,74,0
2016-03-05,Michael Higdon,89,,0
2016-03-05,Gary Taylor-Fletcher,,89,0
2016-03-08,Martin Riley,,58,0
2016-03-08,Steve McNulty,58,,0
2016-03-12,Adam Mekki,78,,0
2016-03-12,Lois Maynard,,78,0
2016-03-12,Michael Higdon,46,,0
2016-03-12,Jay Harris,,46,0
2016-03-19,Jake Kirby,80,,0
2016-03-19,Jack Mackreth,,80,0
2016-03-25,Jake Kirby,64,,0
2016-03-25,Adam Mekki,,64,0
2016-03-25,Gary Taylor-Fletcher,75,,0
2016-03-25,Scott Fenwick,,75,0
2016-03-28,Gary Taylor-Fletcher,76,,0
2016-03-28,Scott Fenwick,,76,0
2016-03-28,Jake Kirby,84,,0
2016-03-28,Jack Mackreth,,84,0
2016-04-02,Gary Taylor-Fletcher,61,,0
2016-04-02,Jack Mackreth,,57,0
2016-04-02,Scott Fenwick,,61,0
2016-04-02,Michael Higdon,,77,0
2016-04-02,Jake Kirby,77,,0
2016-04-02,Jeff Hughes,57,,0
2016-04-09,Lois Maynard,61,,0
2016-04-09,Adam Mekki,,61,0
2016-04-09,James Norwood,88,,0
2016-04-09,Jake Kirby,,88,0
2016-04-16,Jeff Hughes,68,,0
2016-04-16,Gary Taylor-Fletcher,,68,0
2016-04-16,Michael Higdon,62,,0
2016-04-16,Jake Kirby,,62,0
2016-04-23,Gary Taylor-Fletcher,,82,0
2016-04-23,Adam Mekki,,60,0
2016-04-23,Jay Harris,82,,0
2016-04-23,Martin Riley,,46,0
2016-04-23,Steve McNulty,46,,0
2016-04-23,Jake Kirby,60,,0
2016-04-30,Lee Vaughan,66,,0
2016-04-30,Liam Hogan,,66,0
2016-04-30,Lois Maynard,75,,0
2016-04-30,Jake Kirby,,75,0
2016-08-06,Andy Cook,74,,0
2016-08-06,Adam Mekki,,74,0
2016-08-06,James Norwood,90,,4
2016-08-06,Jake Kirby,,90,4
2016-08-09,Liam Ridehalgh,1,,0
2016-08-09,Lee Vaughan,,1,0
2016-08-09,James Norwood,90,,0
2016-08-09,Jake Kirby,,90,0
2016-08-13,Darren Stephenson,,88,0
2016-08-13,Andy Cook,76,,0
2016-08-13,Jake Kirby,,76,0
2016-08-13,Jay Harris,88,,0
2016-08-20,James Norwood,90,,3
2016-08-20,Adam Mekki,,90,3
2016-08-20,Connor Jennings,72,,0
2016-08-20,Jake Kirby,,72,0
2016-08-27,Lee Vaughan,74,,0
2016-08-27,Liam Ridehalgh,,74,0
2016-08-27,Jay Harris,78,,0
2016-08-27,Jake Kirby,,78,0
2016-08-27,Connor Jennings,69,,0
2016-08-27,Adam Mekki,,69,0
2016-08-29,Jay Harris,59,,0
2016-08-29,Adam Mekki,,59,0
2016-09-03,Darren Stephenson,,83,0
2016-09-03,Andy Cook,83,,0
2016-09-03,Jake Kirby,,83,0
2016-09-03,Adam Mekki,83,,0
2016-09-10,Andy Cook,70,,0
2016-09-10,Darren Stephenson,,70,0
2016-09-10,Jay Harris,76,,0
2016-09-10,Adam Mekki,,76,0
2016-09-10,Connor Jennings,46,,0
2016-09-10,Jake Kirby,,46,0
2016-09-17,Ethan Jones,,63,0
2016-09-17,Darren Stephenson,63,,0
2016-09-17,Jay Harris,23,,0
2016-09-17,Andy Cook,,26,0
2016-09-17,Jake Kirby,26,,0
2016-09-17,Adam Mekki,,23,0
2016-09-24,Ben Tollitt,78,,0
2016-09-24,Mitch Duggan,,78,0
2016-09-24,Andy Cook,90,,0
2016-09-24,Ethan Jones,,90,0
2016-09-24,Louis Almond,58,,0
2016-09-24,Darren Stephenson,,58,0
2016-10-01,Mitch Duggan,,56,0
2016-10-01,Louis Almond,56,,0
2016-10-01,Elliot Osborne,,66,0
2016-10-01,Ethan Jones,,71,0
2016-10-01,James Norwood,66,,0
2016-10-01,Jake Kirby,71,,0
2016-10-04,Darren Stephenson,,71,0
2016-10-04,Louis Almond,55,,0
2016-10-04,Ben Tollitt,,55,0
2016-10-04,Jake Kirby,71,,0
2016-10-08,Jake Kirby,62,,0
2016-10-08,Darren Stephenson,,62,0
2016-10-08,Ben Tollitt,85,,0
2016-10-08,Elliot Osborne,,85,0
2016-10-22,Andy Cook,86,,0
2016-10-22,Darren Stephenson,,86,0
2016-10-22,Louis Almond,67,,0
2016-10-22,Jay Harris,,70,0
2016-10-22,Steven Jennings,70,,0
2016-10-22,James Norwood,,67,0
2016-10-25,Jay Harris,76,,0
2016-10-25,Darren Stephenson,,76,0
2016-10-25,Jake Kirby,54,,0
2016-10-25,James Norwood,,54,0
2016-10-25,Louis Almond,54,,0
2016-10-25,Ben Tollitt,,54,0
2016-10-29,Darren Stephenson,82,,0
2016-10-29,Adam Mekki,,82,0
2016-10-29,Andy Cook,90,,0
2016-10-29,Michael Ihiekwe,,86,0
2016-10-29,Lee Vaughan,86,,0
2016-10-29,Ethan Jones,,90,0
2016-11-12,Jake Kirby,82,,0
2016-11-12,Adam Mekki,,82,0
2016-11-12,Andy Mangan,68,,0
2016-11-12,Michael Ihiekwe,,68,0
2016-11-19,Adam Dawson,60,,0
2016-11-19,Adam Mekki,,60,0
2016-11-19,Jake Kirby,90,,0
2016-11-19,Lois Maynard,,69,0
2016-11-19,Jay Harris,69,,0
2016-11-19,Michael Ihiekwe,,90,0
2016-11-22,Andy Cook,57,,0
2016-11-22,James Norwood,,57,0
2016-11-26,Liam Ridehalgh,52,,0
2016-11-26,Michael Ihiekwe,,52,0
2016-11-26,Jay Harris,77,,0
2016-11-26,Jake Kirby,,77,0
2016-11-26,Andy Mangan,63,,0
2016-11-26,James Norwood,,63,0
2016-11-29,James Norwood,,57,0
2016-11-29,Andy Cook,57,,0
2016-11-29,James Wallace,,65,0
2016-11-29,Andy Mangan,65,,0
2016-11-29,Adam Dawson,,86,0
2016-11-29,Ben Tollitt,86,,0
2016-12-03,Lois Maynard,31,,0
2016-12-03,Jake Kirby,,31,0
2016-12-03,Jay Harris,90,,0
2016-12-03,Adam Dawson,,90,0
2016-12-03,Andy Mangan,64,,0
2016-12-03,Andy Cook,,64,0
2016-12-17,Jay Harris,67,,0
2016-12-17,Jake Kirby,,67,0
2016-12-26,Lois Maynard,,89,0
2016-12-26,Jake Kirby,65,,0
2016-12-26,Connor Jennings,,65,0
2016-12-26,Andy Mangan,89,,0
2017-01-01,James Wallace,75,,0
2017-01-01,Lois Maynard,,75,0
2017-01-01,Connor Jennings,,75,0
2017-01-01,Andy Mangan,75,,0
2017-01-01,Adam Mekki,,64,0
2017-01-01,Jake Kirby,64,,0
2017-01-28,Cole Stockton,,81,0
2017-01-28,Andy Mangan,81,,0
2017-01-28,James Norwood,,59,0
2017-01-28,Steven Jennings,59,,0
2017-01-28,Ben Tollitt,,46,0
2017-01-28,Jake Kirby,46,,0
2017-01-31,Cole Stockton,,83,0
2017-01-31,Andy Cook,83,,0
2017-01-31,James Norwood,79,,0
2017-01-31,Jay Harris,,55,0
2017-01-31,James Wallace,55,,0
2017-01-31,Jake Kirby,,79,0
2017-02-11,Andy Mangan,,76,0
2017-02-11,Jack Dunn,76,,0
2017-02-11,Lois Maynard,,32,0
2017-02-11,Steve McNulty,32,,0
2017-02-18,Jake Kirby,,84,0
2017-02-18,Jack Dunn,84,,0
2017-02-21,Ben Tollitt,51,,0
2017-02-21,Andy Mangan,,51,0
2017-02-21,Cole Stockton,,69,0
2017-02-21,Jake Kirby,,32,0
2017-02-21,Andy Cook,69,,0
2017-02-21,Jack Dunn,32,,0
2017-03-03,Lois Maynard,8,,0
2017-03-03,Jay Harris,,8,0
2017-03-03,Andy Mangan,69,,0
2017-03-03,Cole Stockton,58,,0
2017-03-03,Andy Cook,,58,0
2017-03-03,James Norwood,,69,0
2017-03-07,Jay Harris,90,,3
2017-03-07,Ritchie Sutton,73,,0
2017-03-07,Cole Stockton,,90,3
2017-03-07,Andy Mangan,,73,0
2017-03-07,Connor Jennings,,83,0
2017-03-07,Adam Mekki,83,,0
2017-03-14,Cole Stockton,75,,0
2017-03-14,Andy Cook,,75,0
2017-03-14,James Norwood,,66,0
2017-03-14,Andy Mangan,66,,0
2017-03-21,Andy Mangan,,71,0
2017-03-21,Adam Mekki,,89,0
2017-03-21,Connor Jennings,89,,0
2017-03-21,Cole Stockton,,71,0
2017-03-21,Andy Cook,71,,0
2017-03-21,James Norwood,71,,0
2017-03-25,Andy Cook,90,,0
2017-03-25,Cole Stockton,,90,0
2017-03-25,Connor Jennings,58,,0
2017-03-25,Adam Mekki,,58,0
2017-03-28,Andy Mangan,,62,0
2017-03-28,Connor Jennings,90,,3
2017-03-28,James Norwood,62,,0
2017-03-28,Cole Stockton,,54,0
2017-03-28,Andy Cook,54,,0
2017-03-28,Adam Mekki,,90,3
2017-04-01,Andy Mangan,,74,0
2017-04-01,James Norwood,74,,0
2017-04-01,Cole Stockton,86,,0
2017-04-01,Andy Cook,,86,0
2017-04-01,Adam Mekki,,55,0
2017-04-01,Connor Jennings,55,,0
2017-04-04,Adam Mekki,,75,0
2017-04-04,Cole Stockton,82,,0
2017-04-04,Andy Cook,,82,0
2017-04-04,Connor Jennings,75,,0
2017-04-08,Andy Cook,,51,0
2017-04-08,Cole Stockton,51,,0
2017-04-08,Jay Harris,82,,0
2017-04-08,Erico Sousa,,82,0
2017-04-08,James Norwood,67,,0
2017-04-08,Aaron Collins,,67,0
2017-04-11,Lee Vaughan,86,,0
2017-04-11,Andy Cook,,72,0
2017-04-11,Erico Sousa,,86,0
2017-04-11,James Wallace,,26,0
2017-04-11,Jay Harris,26,,0
2017-04-11,Cole Stockton,72,,0
2017-04-14,Adam Buxton,67,,0
2017-04-14,Cole Stockton,75,,0
2017-04-14,Andy Cook,,75,0
2017-04-14,Erico Sousa,,67,0
2017-04-17,Connor Jennings,63,,0
2017-04-17,Jack Dunn,,63,0
2017-04-17,Andy Cook,68,,0
2017-04-17,Cole Stockton,,68,0
2017-04-17,James Norwood,90,,0
2017-04-17,Andy Mangan,,90,0
2017-04-22,Andy Mangan,,72,0
2017-04-22,Cole Stockton,72,,0
2017-04-22,James Norwood,72,,0
2017-04-22,Andy Cook,,72,0
2017-04-22,Jack Dunn,,58,0
2017-04-22,Lee Vaughan,58,,0
2017-04-29,Tom Coughan,,64,0
2017-04-29,Adam Mekki,76,,0
2017-04-29,James Devine,,76,0
2017-04-29,Eddie Clarke,36,,0
2017-04-29,Jack Fleming,,36,0
2017-04-29,Sam Ilesanmi,64,,0
2017-05-03,Andy Cook,,86,0
2017-05-03,Cole Stockton,86,,0
2017-05-03,James Norwood,90,,5
2017-05-03,Andy Mangan,,87,0
2017-05-03,Lois Maynard,87,,0
2017-05-03,Jack Dunn,,90,5
2017-05-06,Andy Mangan,,69,0
2017-05-06,James Wallace,69,,0
2017-05-14,Andy Mangan,53,,0
2017-05-14,Jack Dunn,,53,0
2017-05-14,Connor Jennings,61,,0
2017-05-14,Andy Cook,,61,0
2017-08-05,Oliver Norburn,57,,0
2017-08-05,Ritchie Sutton,,57,0
2017-08-05,James Alabi,74,,0
2017-08-05,Andy Cook,,74,0
2017-08-08,James Alabi,,75,0
2017-08-08,Andy Mangan,,75,0
2017-08-08,Andy Cook,75,,0
2017-08-08,Jack Dunn,75,,0
2017-08-12,Jack Dunn,45,,0
2017-08-12,Jay Harris,73,,0
2017-08-12,Andy Mangan,,73,0
2017-08-12,James Alabi,,45,0
2017-08-15,Jay Harris,73,,0
2017-08-15,James Alabi,,73,0
2017-08-19,Connor Jennings,77,,0
2017-08-19,James Alabi,,77,0
2017-08-19,Jack Dunn,,60,0
2017-08-19,Jay Harris,60,,0
2017-08-26,Andy Mangan,,67,0
2017-08-26,Connor Jennings,67,,0
2017-08-26,James Alabi,57,,0
2017-08-26,Jay Harris,,72,0
2017-08-26,Jeff Hughes,72,,0
2017-08-26,Andy Cook,,57,0
2017-08-28,Adam Buxton,,77,0
2017-08-28,Oliver Norburn,64,,0
2017-08-28,Connor Jennings,,64,0
2017-08-28,Andy Mangan,63,,0
2017-08-28,James Norwood,,63,0
2017-08-28,Mitch Duggan,77,,0
2017-09-02,James Norwood,,53,0
2017-09-02,Andy Mangan,53,,0
2017-09-02,Connor Jennings,,60,0
2017-09-02,Adam Buxton,,72,0
2017-09-02,Mitch Duggan,72,,0
2017-09-02,Oliver Norburn,60,,0
2017-09-09,Connor Jennings,,78,0
2017-09-09,Jay Harris,53,,0
2017-09-09,Jack Dunn,,53,0
2017-09-09,Andy Cook,53,,0
2017-09-09,George Waring,,53,0
2017-09-09,James McEveley,78,,0
2017-09-12,James Alabi,,81,0
2017-09-12,Connor Jennings,81,,0
2017-09-12,Jack Dunn,,60,0
2017-09-12,Evan Gumbs,60,,0
2017-09-12,Jay Harris,,73,0
2017-09-12,Andy Cook,73,,0
2017-09-16,Oliver Norburn,84,,0
2017-09-16,George Waring,,84,0
2017-09-23,James Alabi,84,,0
2017-09-23,George Waring,,84,0
2017-09-23,Jack Dunn,62,,0
2017-09-23,Andy Cook,,62,0
2017-10-04,Jay Harris,,88,0
2017-10-04,Oliver Norburn,88,,0
2017-10-04,Dylan Mottley-Henry,,40,0
2017-10-04,Ben Tollitt,40,,0
2017-10-07,Gerry McDonagh,,60,0
2017-10-07,Oliver Norburn,90,,0
2017-10-07,Jay Harris,,90,0
2017-10-07,Andy Cook,60,,0
2017-10-21,James Norwood,90,,0
2017-10-21,Gerry McDonagh,,90,0
2017-10-21,Dylan Mottley-Henry,61,,0
2017-10-21,James McEveley,,61,0
2017-10-24,James McEveley,,46,0
2017-10-24,Steve McNulty,46,,0
2017-10-28,James Norwood,25,,0
2017-10-28,Larnell Cole,,25,0
2017-10-28,Larnell Cole,77,,0
2017-10-28,Andy Cook,,77,0
2017-11-04,Larnell Cole,,69,0
2017-11-04,Gerry McDonagh,68,,0
2017-11-04,Andy Cook,,68,0
2017-11-04,Connor Jennings,69,,0
2017-11-11,Jeff Hughes,34,,0
2017-11-11,Larnell Cole,,34,0
2017-11-11,Mitch Duggan,6,,0
2017-11-11,Andy Cook,87,,0
2017-11-11,Jay Harris,,6,0
2017-11-11,Gerry McDonagh,,87,0
2017-11-15,Andy Cook,,67,0
2017-11-15,James McEveley,45,,0
2017-11-15,Adam Buxton,,45,0
2017-11-15,Oliver Norburn,73,,0
2017-11-15,Larnell Cole,,73,0
2017-11-15,Gerry McDonagh,67,,0
2017-11-18,Liam Ridehalgh,73,,0
2017-11-18,Evan Gumbs,,73,0
2017-11-18,Dylan Mottley-Henry,72,,0
2017-11-18,Devarn Green,,72,0
2017-11-21,Andy Cook,89,,0
2017-11-21,Connor Jennings,,46,0
2017-11-21,Larnell Cole,46,,0
2017-11-21,Josh Kay,,89,0
2017-11-21,James Norwood,85,,0
2017-11-21,Gerry McDonagh,,85,0
2017-11-25,Devarn Green,,84,0
2017-11-25,Oliver Norburn,86,,0
2017-11-25,Josh Kay,,86,0
2017-11-25,Dylan Mottley-Henry,84,,0
2017-12-09,Ollie Banks,71,,0
2017-12-09,Gerry McDonagh,,85,0
2017-12-09,James Norwood,85,,0
2017-12-09,Jay Harris,,71,0
2017-12-23,Gerry McDonagh,,90,5
2017-12-23,Andy Cook,90,,5
2017-12-26,Evan Gumbs,,81,0
2017-12-26,Gerry McDonagh,,85,0
2017-12-26,Dylan Mottley-Henry,81,,0
2017-12-26,Jeff Hughes,,70,0
2017-12-26,Ollie Banks,70,,0
2017-12-26,Andy Cook,85,,0
2017-12-30,Jake Kirby,,80,0
2017-12-30,James Norwood,80,,0
2017-12-30,Jay Harris,,76,0
2017-12-30,Larnell Cole,76,,0
2017-12-30,Jeff Hughes,,83,0
2017-12-30,Oliver Norburn,83,,0
2018-01-01,Larnell Cole,46,,0
2018-01-01,Eddie Clarke,,46,0
2018-01-01,Luke Pilling,,44,0
2018-01-01,Oliver Norburn,76,,0
2018-01-01,Jay Harris,,76,0
2018-01-01,Scott Davies,44,,0
2018-01-06,Larnell Cole,65,,0
2018-01-06,Jake Kirby,,65,0
2018-01-06,Jeff Hughes,,59,0
2018-01-06,Jay Harris,59,,0
2018-01-06,Liam Ridehalgh,,77,0
2018-01-06,Adam Buxton,77,,0
2018-01-13,Liam Ridehalgh,,6,0
2018-01-13,Jeff Hughes,,82,0
2018-01-13,Larnell Cole,82,,0
2018-01-13,Steve McNulty,6,,0
2018-01-20,Josh Ginnelly,77,,0
2018-01-20,Jake Kirby,64,,0
2018-01-20,Jeff Hughes,,77,0
2018-01-20,Andy Mangan,,64,0
2018-01-27,Josh Ginnelly,74,,0
2018-01-27,Eddie Clarke,,74,0
2018-02-03,Oliver Norburn,73,,0
2018-02-03,Jeff Hughes,,73,0
2018-02-03,Josh Ginnelly,73,,0
2018-02-03,Ben Tollitt,,73,0
2018-02-03,James Norwood,84,,0
2018-02-03,Andy Mangan,,84,0
2018-02-10,Ben Tollitt,,63,0
2018-02-10,Josh Ginnelly,63,,0
2018-02-17,Oliver Norburn,88,,0
2018-02-17,Jeff Hughes,,88,0
2018-02-17,Josh Ginnelly,69,,0
2018-02-17,Ben Tollitt,,69,0
2018-02-24,Ben Tollitt,,68,0
2018-02-24,Mitch Duggan,68,,0
2018-02-24,Mitch Duggan,,42,0
2018-02-24,James Norwood,81,,0
2018-02-24,Andy Mangan,,81,0
2018-02-24,Jeff Hughes,42,,0
2018-03-10,James Wallace,,81,0
2018-03-10,Ben Tollitt,,73,0
2018-03-10,Josh Ginnelly,73,,0
2018-03-10,Ritchie Sutton,,73,0
2018-03-10,Emmanuel Monthe,73,,0
2018-03-10,Jay Harris,81,,0
2018-03-17,Josh Ginnelly,49,,0
2018-03-17,Ben Tollitt,,49,0
2018-03-24,Ben Tollitt,76,,0
2018-03-24,Andy Mangan,,76,0
2018-04-07,James Norwood,74,,0
2018-04-07,Andy Mangan,,74,0
2018-04-07,James Wallace,,81,0
2018-04-07,Jay Harris,,84,0
2018-04-07,Ben Tollitt,84,,0
2018-04-07,Oliver Norburn,81,,0
2018-04-10,Andy Mangan,,85,0
2018-04-10,James Norwood,85,,0
2018-04-10,Drissa Traor√©,,90,5
2018-04-10,Andy Cook,90,,5
2018-04-10,Larnell Cole,,69,0
2018-04-10,Ben Tollitt,69,,0
2018-04-14,Andy Mangan,,90,3
2018-04-14,James Norwood,90,,3
2018-04-14,Larnell Cole,,43,0
2018-04-14,Ben Tollitt,43,,0
2018-04-14,Jay Harris,,83,0
2018-04-14,Andy Cook,83,,0
2018-04-17,Larnell Cole,83,,0
2018-04-17,Jay Harris,,83,0
2018-04-21,Andy Cook,74,,0
2018-04-21,Andy Mangan,,74,0
2018-04-21,Josh Ginnelly,,61,0
2018-04-21,Larnell Cole,61,,0
2018-04-21,Jay Harris,,22,0
2018-04-21,Adam Buxton,22,,0
2018-04-24,Elliot Rokka,62,,0
2018-04-24,Devarn Green,85,,0
2018-04-24,Carl Spellman,,62,0
2018-04-24,Danny Walker-Rice,,85,0
2018-04-28,Mitch Duggan,,68,0
2018-04-28,Larnell Cole,68,,0
2018-05-05,Adam Buxton,82,,0
2018-05-05,Emmanuel Monthe,,82,0
2018-05-05,Josh Ginnelly,95,,0
2018-05-05,Jay Harris,,95,0
2018-05-12,Josh Ginnelly,34,,0
2018-05-12,Connor Jennings,,34,0
2018-05-12,Larnell Cole,9,,0
2018-05-12,Jay Harris,,45,5
2018-05-12,Eddie Clarke,,9,0
2018-05-12,Ritchie Sutton,45,,5
2018-08-04,Johnny Smith,70,,0
2018-08-04,Ben Tollitt,,70,0
2018-08-11,Harvey Gilmour,,73,0
2018-08-11,Cole Stockton,73,,0
2018-08-11,Ben Tollitt,,65,0
2018-08-11,Johnny Smith,65,,0
2018-08-11,Emmanuel Monthe,,45,2
2018-08-11,Ritchie Sutton,45,,2
2018-08-14,Ollie Banks,71,,0
2018-08-14,Johnny Smith,,63,0
2018-08-14,Ben Tollitt,63,,0
2018-08-14,Steve McNulty,,31,0
2018-08-14,Jay Harris,,71,0
2018-08-14,Zoumana Bakayogo,31,,0
2018-08-18,Harvey Gilmour,,69,0
2018-08-18,Cole Stockton,69,,0
2018-08-18,Johnny Smith,61,,0
2018-08-18,Paul Mullin,,84,0
2018-08-18,Jake Caprice,84,,0
2018-08-18,Dylan Mottley-Henry,,61,0
2018-08-21,Johnny Smith,70,,0
2018-08-21,Dylan Mottley-Henry,,70,0
2018-08-25,Paul Mullin,,61,0
2018-08-25,Johnny Smith,61,,0
2018-08-25,Dylan Mottley-Henry,,61,0
2018-08-25,Cole Stockton,61,,0
2018-09-01,Johnny Smith,56,,0
2018-09-01,Dylan Mottley-Henry,,56,0
2018-09-01,Cole Stockton,77,,0
2018-09-01,Zoumana Bakayogo,,77,0
2018-09-04,Adam Buxton,77,,0
2018-09-04,Paul Mullin,81,,0
2018-09-04,Ben Tollitt,,63,0
2018-09-04,Dylan Mottley-Henry,63,,0
2018-09-04,Jake Caprice,,77,0
2018-09-04,Connor Jennings,,81,0
2018-09-08,Johnny Smith,76,,0
2018-09-08,Dylan Mottley-Henry,,76,0
2018-09-08,Paul Mullin,,76,0
2018-09-08,Cole Stockton,76,,0
2018-09-15,Cole Stockton,70,,0
2018-09-15,Dylan Mottley-Henry,73,,0
2018-09-15,Paul Mullin,,70,0
2018-09-15,Johnny Smith,,73,0
2018-09-22,Dylan Mottley-Henry,55,,0
2018-09-22,Cole Stockton,,72,0
2018-09-22,Paul Mullin,72,,0
2018-09-22,Larnell Cole,,56,0
2018-09-22,Connor Jennings,56,,0
2018-09-22,Johnny Smith,,55,0
2018-09-29,Dylan Mottley-Henry,,83,0
2018-09-29,Cole Stockton,59,,0
2018-09-29,Johnny Smith,83,,0
2018-09-29,Harvey Gilmour,,59,0
2018-10-02,Johnny Smith,81,,0
2018-10-02,Dylan Mottley-Henry,,81,0
2018-10-02,Cole Stockton,45,,0
2018-10-02,Harvey Gilmour,,45,0
2018-10-06,Dylan Mottley-Henry,,77,0
2018-10-06,Mark Ellis,,90,2
2018-10-06,Connor Jennings,90,,2
2018-10-06,Franklyn Akammadu,,84,0
2018-10-06,Paul Mullin,84,,0
2018-10-06,Johnny Smith,77,,0
2018-10-09,Connor Jennings,,76,0
2018-10-09,Jake Caprice,76,,0
2018-10-09,Ben Tollitt,45,,0
2018-10-09,Adam Buxton,68,,0
2018-10-09,Harvey Gilmour,,45,0
2018-10-09,Emmanuel Monthe,,68,0
2018-10-12,Johnny Smith,69,,0
2018-10-12,Larnell Cole,,69,0
2018-10-20,Larnell Cole,,66,0
2018-10-20,Luke McCullough,90,,3
2018-10-20,Jay Harris,,90,3
2018-10-20,Harvey Gilmour,61,,0
2018-10-20,Paul Mullin,,61,0
2018-10-20,Johnny Smith,66,,0
2018-10-23,Harvey Gilmour,80,,0
2018-10-23,Ben Tollitt,,80,0
2018-10-23,Johnny Smith,55,,0
2018-10-23,Connor Jennings,66,,0
2018-10-23,Paul Mullin,,66,0
2018-10-23,Larnell Cole,,55,0
2018-10-27,Harvey Gilmour,,76,0
2018-10-27,Paul Mullin,76,,0
2018-10-27,Johnny Smith,,83,0
2018-10-27,Larnell Cole,83,,0
2018-10-30,Jake Caprice,,61,0
2018-10-30,Johnny Smith,61,,0
2018-10-30,Ryan Williams,,61,0
2018-10-30,Franklyn Akammadu,81,,0
2018-10-30,Evan Gumbs,,81,0
2018-10-30,Adam Buxton,61,,0
2018-11-03,Jay Harris,,82,0
2018-11-03,Larnell Cole,74,,0
2018-11-03,Johnny Smith,,67,0
2018-11-03,Paul Mullin,67,,0
2018-11-03,Harvey Gilmour,,74,0
2018-11-03,Ollie Banks,82,,0
2018-11-10,Paul Mullin,45,,0
2018-11-10,Johnny Smith,,57,0
2018-11-10,Larnell Cole,57,,0
2018-11-10,Harvey Gilmour,,71,0
2018-11-10,Jay Harris,71,,0
2018-11-10,Ben Tollitt,,45,0
2018-11-17,Harvey Gilmour,61,,0
2018-11-17,Larnell Cole,,61,0
2018-11-17,Johnny Smith,74,,0
2018-11-17,Paul Mullin,,74,0
2018-11-20,Larnell Cole,63,,0
2018-11-20,Dylan Mottley-Henry,,63,0
2018-11-20,Liam Ridehalgh,,87,0
2018-11-20,Cole Stockton,,82,0
2018-11-20,Paul Mullin,82,,0
2018-11-20,Zoumana Bakayogo,87,,0
2018-11-24,Cole Stockton,,87,0
2018-11-24,Paul Mullin,87,,0
2018-11-27,Dylan Mottley-Henry,61,,0
2018-11-27,Ritchie Sutton,,45,0
2018-11-27,Steve McNulty,45,,0
2018-11-27,Zoumana Bakayogo,72,,0
2018-11-27,Liam Ridehalgh,,72,0
2018-11-27,Larnell Cole,,61,0
2018-12-02,Harvey Gilmour,59,,0
2018-12-02,Adam Buxton,,59,0
2018-12-02,Dylan Mottley-Henry,9,,0
2018-12-02,Johnny Smith,,9,0
2018-12-02,Paul Mullin,45,,0
2018-12-02,Ben Tollitt,,45,0
2018-12-08,Johnny Smith,86,,0
2018-12-08,Jake Caprice,,86,0
2018-12-08,Cole Stockton,76,,0
2018-12-08,Paul Mullin,,76,0
2018-12-15,Paul Mullin,,79,0
2018-12-15,Harvey Gilmour,,75,0
2018-12-15,Larnell Cole,75,,0
2018-12-15,Jay Harris,79,,0
2018-12-17,Paul Mullin,81,,0
2018-12-17,Jake Caprice,86,,0
2018-12-17,Cole Stockton,,81,0
2018-12-17,Adam Buxton,,86,0
2018-12-22,Johnny Smith,,80,0
2018-12-22,Steve McNulty,42,,0
2018-12-22,Ritchie Sutton,,42,0
2018-12-22,Paul Mullin,54,,0
2018-12-22,Cole Stockton,,54,0
2018-12-22,Jake Caprice,80,,0
2018-12-26,Paul Mullin,,83,0
2018-12-26,Ritchie Sutton,83,,0
2018-12-26,Harvey Gilmour,,83,0
2018-12-26,Cole Stockton,83,,0
2018-12-29,Johnny Smith,,61,0
2018-12-29,Ritchie Sutton,70,,0
2018-12-29,Paul Mullin,,70,0
2018-12-29,Cole Stockton,61,,0
2019-01-01,Larnell Cole,,69,0
2019-01-01,Johnny Smith,69,,0
2019-01-04,Paul Mullin,,83,0
2019-01-04,Connor Jennings,83,,0
2019-01-04,Jay Harris,58,,0
2019-01-04,Ollie Banks,,58,0
2019-01-12,Paul Mullin,,71,0
2019-01-12,Ishmael Miller,71,,0
2019-01-12,Jay Harris,,77,0
2019-01-12,Ollie Banks,77,,0
2019-01-19,Ishmael Miller,29,,0
2019-01-19,Luke McCullough,81,,0
2019-01-19,Adam Buxton,,37,0
2019-01-19,Mark Ellis,37,,0
2019-01-19,Connor Jennings,,29,0
2019-01-19,Johnny Smith,,81,0
2019-01-26,Steve McNulty,65,,0
2019-01-26,Ben Pringle,,65,0
2019-02-05,Chris Dagnall,,59,0
2019-02-05,Johnny Smith,,72,0
2019-02-05,Luke McCullough,86,,0
2019-02-05,Harvey Gilmour,,86,0
2019-02-05,Ben Pringle,59,,0
2019-02-05,Kieron Morris,72,,0
2019-02-09,Sid Nelson,34,,0
2019-02-09,Mark Ellis,,34,0
2019-02-09,Kieron Morris,84,,0
2019-02-09,Johnny Smith,,84,0
2019-02-09,Connor Jennings,86,,0
2019-02-09,Chris Dagnall,,86,0
2019-02-16,Jake Caprice,81,,0
2019-02-16,Johnny Smith,,66,0
2019-02-16,Ben Pringle,66,,0
2019-02-16,Adam Buxton,,81,0
2019-02-19,Harvey Gilmour,,61,0
2019-02-19,Kieron Morris,77,,0
2019-02-19,Johnny Smith,,77,0
2019-02-19,Ben Pringle,61,,0
2019-02-23,Mark Ellis,85,,0
2019-02-23,Sid Nelson,,85,0
2019-02-23,Luke McCullough,61,,0
2019-02-23,Ollie Banks,,61,0
2019-02-23,Ben Pringle,79,,0
2019-02-23,Johnny Smith,,79,0
2019-03-02,Ben Pringle,90,,3
2019-03-02,Johnny Smith,67,,0
2019-03-02,Harvey Gilmour,,67,0
2019-03-02,Sid Nelson,,90,3
2019-03-08,Johnny Smith,64,,0
2019-03-08,Harvey Gilmour,,78,0
2019-03-08,Ben Pringle,78,,0
2019-03-08,Ollie Banks,,64,0
2019-03-08,Zoumana Bakayogo,39,,0
2019-03-08,Adam Buxton,,39,0
2019-03-12,Jay Harris,,83,0
2019-03-12,Ben Pringle,72,,0
2019-03-12,Harvey Gilmour,,72,0
2019-03-12,Ollie Banks,83,,0
2019-03-23,Ben Pringle,62,,0
2019-03-23,Ollie Banks,71,,0
2019-03-23,Jay Harris,,71,0
2019-03-23,Kieron Morris,,62,0
2019-03-30,Jay Harris,,11,0
2019-03-30,Luke McCullough,11,,0
2019-03-30,Harvey Gilmour,,75,0
2019-03-30,Ollie Banks,85,,0
2019-03-30,Johnny Smith,,85,0
2019-03-30,Kieron Morris,75,,0
2019-04-02,Johnny Smith,,53,0
2019-04-02,Jay Harris,53,,0
2019-04-06,Johnny Smith,58,,0
2019-04-06,Chris Dagnall,,58,0
2019-04-13,David Perkins,34,,0
2019-04-13,Jay Harris,,34,0
2019-04-19,Paul Mullin,,55,0
2019-04-19,Mark Ellis,27,,0
2019-04-19,Sid Nelson,,27,0
2019-04-19,Jay Harris,85,,0
2019-04-19,Chris Dagnall,,85,0
2019-04-19,Ben Pringle,55,,0
2019-04-22,Sid Nelson,45,,0
2019-04-22,Evan Gumbs,,45,0
2019-04-22,Evan Gumbs,90,,2
2019-04-22,Adam Buxton,,90,2
2019-04-22,Paul Mullin,45,,0
2019-04-22,Harvey Gilmour,,45,0
2019-04-30,Ben Pringle,82,,0
2019-04-30,Adam Buxton,,74,0
2019-04-30,Paul Mullin,,82,0
2019-04-30,Jake Caprice,74,,0
2019-05-04,Johnny Smith,59,,0
2019-05-04,Ollie Banks,,59,0
2019-05-04,David Perkins,71,,0
2019-05-04,Kieron Morris,,71,0
2019-05-04,Ben Tollitt,59,,0
2019-05-04,Connor Jennings,,59,0
2019-05-10,Ollie Banks,76,,0
2019-05-10,Harvey Gilmour,,76,0
2019-05-10,Kieron Morris,62,,0
2019-05-10,Johnny Smith,,62,0
2019-05-13,Kieron Morris,66,,0
2019-05-13,Harvey Gilmour,,66,0
2019-05-25,Ben Pringle,,53,0
2019-05-25,Jay Harris,53,,0
2019-05-25,Steve McNulty,,82,0
2019-05-25,Kieron Morris,82,,0
2019-05-25,Adam Buxton,,115,0
2019-05-25,Sid Nelson,115,,0
2019-08-03,Sid Nelson,90,,6
2019-08-03,Paul Mullin,,90,6
2019-08-03,Jordan Ponticelli,45,,0
2019-08-03,Rushian Hepburn-Murphy,,45,0
2019-08-03,Stefan Payne,45,,0
2019-08-03,Morgan Ferrier,,45,0
2019-08-10,Stefan Payne,,63,0
2019-08-10,Morgan Ferrier,63,,0
2019-08-10,Connor Jennings,58,,0
2019-08-10,Corey Blackett-Taylor,,58,0
2019-08-13,Morgan Ferrier,62,,0
2019-08-13,Jordan Ponticelli,,80,0
2019-08-13,Corey Blackett-Taylor,80,,0
2019-08-13,Darren Potter,62,,0
2019-08-13,Connor Jennings,,62,0
2019-08-13,Paul Mullin,,62,0
2019-08-17,Stefan Payne,,66,0
2019-08-17,Morgan Ferrier,58,,0
2019-08-17,Paul Mullin,,58,0
2019-08-17,Sid Nelson,,84,0
2019-08-17,Kane Wilson,84,,0
2019-08-17,Corey Blackett-Taylor,66,,0
2019-08-20,Kane Wilson,75,,0
2019-08-20,Rushian Hepburn-Murphy,,75,0
2019-08-31,Sid Nelson,90,,0
2019-08-31,Calum Woods,,90,0
2019-08-31,Paul Mullin,75,,0
2019-08-31,Rushian Hepburn-Murphy,,75,0
2019-09-07,Ollie Banks,,45,0
2019-09-07,Paul Mullin,83,,0
2019-09-07,Rushian Hepburn-Murphy,,83,0
2019-09-07,Calum Woods,,45,0
2019-09-07,Sid Nelson,45,,0
2019-09-07,Kieron Morris,45,,0
2019-09-14,Calum Woods,38,,0
2019-09-14,Stefan Payne,62,,0
2019-09-14,Ollie Banks,,74,0
2019-09-14,David Perkins,74,,0
2019-09-14,Cameron Borthwick-Jackson,,38,0
2019-09-14,Kieron Morris,,62,0
2019-09-17,Darren Potter,90,,3
2019-09-17,Connor Jennings,,90,3
2019-09-17,Stefan Payne,81,,0
2019-09-17,Corey Blackett-Taylor,,81,0
2019-09-21,Cameron Borthwick-Jackson,,45,0
2019-09-21,Darren Potter,67,,0
2019-09-21,Corey Blackett-Taylor,,67,0
2019-09-21,David Perkins,45,,4
2019-09-21,Neil Danns,,45,4
2019-09-21,George Ray,45,,0
2019-09-28,Kieron Morris,69,,0
2019-09-28,Paul Mullin,69,,0
2019-09-28,Connor Jennings,,69,0
2019-09-28,Rushian Hepburn-Murphy,,80,0
2019-09-28,Darren Potter,80,,0
2019-09-28,Corey Blackett-Taylor,,69,0
2019-10-05,Kieron Morris,80,,0
2019-10-05,Rushian Hepburn-Murphy,,80,0
2019-10-05,Harvey Gilmour,,60,0
2019-10-05,Ollie Banks,75,,0
2019-10-05,Corey Blackett-Taylor,,75,0
2019-10-05,Darren Potter,60,,0
2019-10-08,George Ray,82,,0
2019-10-08,Liam Ridehalgh,,82,0
2019-10-08,Corey Blackett-Taylor,82,,0
2019-10-08,Paul Mullin,,82,0
2019-10-13,Rushian Hepburn-Murphy,,34,0
2019-10-13,Paul Mullin,34,,0
2019-10-18,Rushian Hepburn-Murphy,65,,0
2019-10-18,Paul Mullin,,71,0
2019-10-18,Corey Blackett-Taylor,71,,0
2019-10-18,Connor Jennings,,65,0
2019-10-22,Paul Mullin,74,,0
2019-10-22,Rushian Hepburn-Murphy,,74,0
2019-11-02,Paul Mullin,,82,0
2019-11-02,Corey Blackett-Taylor,,54,0
2019-11-02,Jake Caprice,54,,0
2019-11-02,Rushian Hepburn-Murphy,82,,0
2019-11-09,Jake Caprice,68,,0
2019-11-09,Corey Blackett-Taylor,,68,0
2019-11-09,Rushian Hepburn-Murphy,68,,0
2019-11-09,Morgan Ferrier,,68,0
2019-11-12,Kieron Morris,,75,0
2019-11-12,Rushian Hepburn-Murphy,,75,0
2019-11-12,Danny Walker-Rice,,84,0
2019-11-12,Morgan Ferrier,84,,0
2019-11-12,Jacob Maddox,75,,0
2019-11-12,Stefan Payne,75,,0
2019-11-17,Liam Ridehalgh,45,,0
2019-11-17,Corey Blackett-Taylor,,45,0
2019-11-17,David Perkins,45,,0
2019-11-17,Morgan Ferrier,,45,0
2019-11-17,Rushian Hepburn-Murphy,71,,0
2019-11-17,Paul Mullin,,71,0
2019-11-20,Corey Blackett-Taylor,,85,0
2019-11-20,George Ray,45,,0
2019-11-20,Cameron Borthwick-Jackson,,45,0
2019-11-20,Morgan Ferrier,85,,0
2019-11-20,Stefan Payne,73,,0
2019-11-20,Rushian Hepburn-Murphy,,73,0
2019-11-23,Paul Mullin,,86,0
2019-11-23,Rushian Hepburn-Murphy,86,,0
2019-11-23,Corey Blackett-Taylor,,37,0
2019-11-23,David Perkins,,64,0
2019-11-23,Darren Potter,64,,0
2019-11-23,George Ray,37,,0
2019-12-01,Morgan Ferrier,78,,0
2019-12-01,Connor Jennings,,45,0
2019-12-01,Darren Potter,62,,0
2019-12-01,Rushian Hepburn-Murphy,45,,0
2019-12-01,Neil Danns,,62,0
2019-12-01,Paul Mullin,,78,0
2019-12-04,Neil Danns,,66,0
2019-12-04,Carl Spellman,66,,0
2019-12-04,Calum Woods,90,,6
2019-12-04,Rushian Hepburn-Murphy,50,,0
2019-12-04,Liam Ridehalgh,,90,6
2019-12-04,Corey Blackett-Taylor,,50,0
2019-12-07,Rushian Hepburn-Murphy,,90,0
2019-12-07,Morgan Ferrier,90,,0
2019-12-07,Calum Woods,,86,0
2019-12-07,Kieron Morris,86,,0
2019-12-07,Luke Pilling,,32,0
2019-12-07,Scott Davies,32,,0
2019-12-14,Rushian Hepburn-Murphy,75,,0
2019-12-14,Stefan Payne,,75,0
2019-12-21,Neil Danns,84,,0
2019-12-21,Darren Potter,,84,0
2019-12-21,Kieron Morris,89,,0
2019-12-21,Calum Woods,,89,0
2019-12-21,Morgan Ferrier,68,,0
2019-12-21,Paul Mullin,,68,0
2019-12-26,Paul Mullin,,79,0
2019-12-26,Connor Jennings,79,,0
2020-01-01,Corey Blackett-Taylor,70,,0
2020-01-01,Paul Mullin,,70,0
2020-01-04,Paul Mullin,,81,0
2020-01-04,Morgan Ferrier,81,,0
2020-01-04,Corey Blackett-Taylor,,45,0
2020-01-04,Sid Nelson,45,,0
2020-01-04,Stefan Payne,45,,0
2020-01-04,Calum Woods,,45,0
2020-01-07,Jake Burton,,17,0
2020-01-07,Joe Blackham,,63,0
2020-01-07,Luke McCullough,63,,0
2020-01-07,George Nugent,81,,0
2020-01-07,Lewis Sinnot,,81,0
2020-01-07,Sid Nelson,17,,0
2020-01-11,Connor Jennings,39,,0
2020-01-11,Calum Woods,90,,4
2020-01-11,Liam Ridehalgh,,90,4
2020-01-11,Neil Danns,78,,0
2020-01-11,Corey Blackett-Taylor,,78,0
2020-01-11,Paul Mullin,,39,0
2020-01-18,Ollie Banks,,71,0
2020-01-18,Corey Blackett-Taylor,,84,0
2020-01-18,Neil Danns,71,,0
2020-01-18,David Perkins,84,,0
2020-01-23,Stefan Payne,,117,0
2020-01-23,Paul Mullin,117,,0
2020-01-23,Paul Mullin,,64,0
2020-01-23,Morgan Ferrier,64,,0
2020-01-23,Calum Woods,,109,0
2020-01-23,Corey Blackett-Taylor,109,,0
2020-01-23,Neil Danns,100,,0
2020-01-23,Harvey Gilmour,,100,0
2020-01-26,David Perkins,65,,0
2020-01-26,Harvey Gilmour,,65,0
2020-01-26,Corey Blackett-Taylor,74,,0
2020-01-26,Rushian Hepburn-Murphy,,74,0
2020-01-26,Morgan Ferrier,74,,0
2020-01-26,Paul Mullin,,74,0
2020-01-29,Stefan Payne,,78,0
2020-01-29,Harvey Gilmour,,81,0
2020-01-29,Morgan Ferrier,78,,0
2020-01-29,Paul Mullin,,67,0
2020-01-29,David Perkins,81,,0
2020-01-29,Liam Ridehalgh,67,,0
2020-02-01,Connor Jennings,67,,0
2020-02-01,Sid Nelson,,90,2
2020-02-01,Morgan Feeney,90,,2
2020-02-01,Neil Danns,,67,0
2020-02-04,Connor Jennings,,61,0
2020-02-04,James Vaughan,61,,0
2020-02-04,David Perkins,,72,0
2020-02-04,Luke McCullough,72,,0
2020-02-04,Jake Caprice,,86,0
2020-02-04,Calum Woods,86,,0
2020-02-08,Neil Danns,,59,0
2020-02-08,Liam Ridehalgh,,45,0
2020-02-08,Calum Woods,59,,0
2020-02-08,James Vaughan,59,,0
2020-02-08,Kane Wilson,45,,0
2020-02-08,Morgan Ferrier,,59,0
2020-02-11,James Vaughan,67,,0
2020-02-11,Morgan Ferrier,,67,0
2020-02-11,Sid Nelson,,21,0
2020-02-11,George Ray,21,,0
2020-02-22,Morgan Ferrier,,57,0
2020-02-22,Andy Cook,57,,0
2020-02-25,James Vaughan,64,,0
2020-02-25,David Perkins,,63,0
2020-02-25,Corey Blackett-Taylor,90,,6
2020-02-25,Luke McCullough,63,,0
2020-02-25,Neil Danns,,90,6
2020-02-25,Connor Jennings,,64,0
2020-03-07,Neil Danns,,60,0
2020-03-07,Connor Jennings,60,,0
2020-03-07,Emmanuel Monthe,,86,0
2020-03-07,Corey Blackett-Taylor,86,,0
2020-03-07,David Perkins,,60,0
2020-03-07,Luke McCullough,60,,0
2020-03-10,Corey Blackett-Taylor,,60,0
2020-03-10,Connor Jennings,,82,0
2020-03-10,Calum Woods,60,,0
2020-03-10,James Vaughan,82,,0
2020-09-05,Paul Lewis,63,,0
2020-09-05,Ollie Banks,,63,0
2020-09-05,Corey Blackett-Taylor,42,,0
2020-09-05,Kieron Morris,,42,0
2020-09-05,Morgan Ferrier,61,,0
2020-09-05,Stefan Payne,,61,0
2020-09-08,Danny Walker-Rice,,79,0
2020-09-08,Paul Lewis,,62,0
2020-09-08,Calum MacDonald,79,,0
2020-09-08,Mark Ellis,,62,0
2020-09-08,Peter Clarke,62,,0
2020-09-08,Jay Spearing,62,,0
2020-09-12,Mark Ellis,,64,0
2020-09-12,Stefan Payne,,90,2
2020-09-12,Calum MacDonald,64,,0
2020-09-12,James Vaughan,90,,2
2020-09-19,Stefan Payne,,81,0
2020-09-19,Otis Khan,81,,0
2020-09-19,Ollie Banks,,81,0
2020-09-19,Jay Spearing,81,,0
2020-09-19,Liam Feeney,,36,0
2020-09-19,Mark Ellis,36,,0
2020-09-26,Kaiyne Woolery,,79,0
2020-09-26,Otis Khan,79,,0
2020-09-26,Paul Lewis,,90,0
2020-09-26,Kieron Morris,90,,0
2020-09-29,Liam Ridehalgh,66,,0
2020-09-29,James Vaughan,,45,0
2020-09-29,Kaiyne Woolery,45,,0
2020-09-29,Otis Khan,,77,0
2020-09-29,Ollie Banks,77,,0
2020-09-29,Jay Spearing,,66,0
2020-10-03,Otis Khan,82,,0
2020-10-03,Calum MacDonald,,82,0
2020-10-03,Stefan Payne,27,,0
2020-10-03,Paul Lewis,,27,0
2020-10-10,Danny Walker-Rice,,38,0
2020-10-10,Jake Burton,38,,0
2020-10-17,Liam Feeney,,45,0
2020-10-17,Jake Burton,,87,0
2020-10-17,Jay Spearing,87,,0
2020-10-17,Jack Young,,65,0
2020-10-17,Ollie Banks,45,,0
2020-10-17,Otis Khan,65,,0
2020-10-20,Lee O'Connor,73,,0
2020-10-20,Ollie Banks,77,,0
2020-10-20,Otis Khan,,77,0
2020-10-20,Sid Nelson,,73,0
2020-10-24,Otis Khan,31,,0
2020-10-24,Lee O'Connor,31,,0
2020-10-24,Sam Smith,,31,0
2020-10-24,Jay Spearing,81,,0
2020-10-24,Ollie Banks,,81,0
2020-10-24,Calum MacDonald,,31,0
2020-10-27,Corey Blackett-Taylor,,64,0
2020-10-27,Jay Spearing,64,,0
2020-10-27,Lee O'Connor,,26,0
2020-10-27,Liam Ridehalgh,26,,0
2020-10-27,Sid Nelson,,34,0
2020-10-27,Mark Ellis,34,,0
2020-10-31,Sam Smith,,71,0
2020-10-31,Liam Feeney,,66,0
2020-10-31,Kieron Morris,71,,0
2020-10-31,Otis Khan,66,,0
2020-10-31,Kaiyne Woolery,71,,0
2020-10-31,Corey Blackett-Taylor,,71,0
2020-11-03,Kieron Morris,75,,0
2020-11-03,Corey Blackett-Taylor,75,,0
2020-11-03,Otis Khan,,75,0
2020-11-03,Kaiyne Woolery,,75,0
2020-11-07,Kieron Morris,90,,3
2020-11-07,Ollie Banks,,90,3
2020-11-07,Corey Blackett-Taylor,61,,0
2020-11-07,Kaiyne Woolery,,61,0
2020-11-07,Paul Lewis,7,,0
2020-11-07,Otis Khan,,7,0
2020-11-11,Kieron Morris,,34,0
2020-11-11,Kaiyne Woolery,45,,0
2020-11-11,Morgan Ferrier,,45,0
2020-11-11,Liam Ridehalgh,34,,0
2020-11-14,Sid Nelson,86,,0
2020-11-14,Sam Smith,,86,0
2020-11-14,Corey Blackett-Taylor,78,,0
2020-11-14,Danny Lloyd,71,,0
2020-11-14,Morgan Ferrier,,71,0
2020-11-14,Kaiyne Woolery,,78,0
2020-11-21,Liam Feeney,71,,0
2020-11-21,Paul Lewis,,71,0
2020-11-21,Otis Khan,82,,0
2020-11-21,Danny Lloyd,,82,0
2020-11-21,James Vaughan,81,,0
2020-11-21,Morgan Ferrier,,81,0
2020-11-21,Corey Blackett-Taylor,70,,0
2020-11-21,Kaiyne Woolery,,70,0
2020-11-24,Kaiyne Woolery,,77,0
2020-11-24,James Vaughan,90,,1
2020-11-24,Sid Nelson,,90,1
2020-11-24,Paul Lewis,,64,0
2020-11-24,Liam Feeney,64,,0
2020-11-24,Otis Khan,77,,0
2020-11-24,Corey Blackett-Taylor,77,,0
2020-11-24,Danny Lloyd,,77,0
2020-11-27,Corey Blackett-Taylor,82,,0
2020-11-27,Danny Lloyd,,82,0
2020-11-27,Paul Lewis,,60,0
2020-11-27,Otis Khan,60,,0
2020-11-27,Liam Feeney,60,,0
2020-11-27,Kaiyne Woolery,,60,0
2020-12-01,Liam Feeney,75,,0
2020-12-01,Otis Khan,,75,0
2020-12-01,Kaiyne Woolery,39,,0
2020-12-01,Danny Lloyd,,39,0
2020-12-05,Paul Lewis,64,,0
2020-12-05,Kieron Morris,75,,0
2020-12-05,Otis Khan,,75,0
2020-12-05,James Vaughan,64,,0
2020-12-05,Danny Lloyd,,64,0
2020-12-05,Corey Blackett-Taylor,64,,0
2020-12-05,Kaiyne Woolery,,64,0
2020-12-05,Morgan Ferrier,,64,0
2020-12-08,Kaiyne Woolery,63,,0
2020-12-08,Otis Khan,,63,0
2020-12-08,Morgan Ferrier,71,,0
2020-12-08,Kieron Morris,,71,0
2020-12-12,Danny Lloyd,45,,0
2020-12-12,Calum MacDonald,45,,0
2020-12-12,Liam Ridehalgh,,45,0
2020-12-12,Otis Khan,45,,0
2020-12-12,Ollie Banks,,45,0
2020-12-12,Kieron Morris,45,,0
2020-12-12,Kaiyne Woolery,68,,0
2020-12-12,Morgan Ferrier,,45,0
2020-12-12,Paul Lewis,,45,0
2020-12-12,Corey Blackett-Taylor,,68,0
2020-12-19,Lee O'Connor,,89,0
2020-12-19,Liam Feeney,89,,0
2020-12-19,Jay Spearing,57,,0
2020-12-19,Morgan Ferrier,,67,0
2020-12-19,Ollie Banks,,57,0
2020-12-19,Kaiyne Woolery,,89,0
2020-12-19,James Vaughan,89,,0
2020-12-19,Danny Lloyd,,89,0
2020-12-19,Corey Blackett-Taylor,67,,0
2020-12-19,Kieron Morris,89,,0
2020-12-26,Calum MacDonald,87,,0
2020-12-26,Paul Lewis,,87,0
2020-12-26,Danny Lloyd,57,,0
2020-12-26,Morgan Ferrier,,57,0
2020-12-26,Corey Blackett-Taylor,57,,0
2020-12-26,Kaiyne Woolery,,76,0
2020-12-26,Jack Young,76,,0
2020-12-26,Kieron Morris,,57,0
2020-12-29,Kieron Morris,90,,0
2020-12-29,Ollie Banks,,90,0
2020-12-29,Kaiyne Woolery,,76,0
2020-12-29,Morgan Ferrier,76,,0
2021-01-10,Liam Ridehalgh,76,,0
2021-01-10,Corey Blackett-Taylor,,67,0
2021-01-10,Morgan Ferrier,67,,0
2021-01-10,Kieron Morris,,81,0
2021-01-10,Otis Khan,81,,0
2021-01-10,Jake Burton,,76,0
2021-01-13,Morgan Ferrier,70,,0
2021-01-13,Danny Lloyd,75,,0
2021-01-13,Kaiyne Woolery,,70,0
2021-01-13,Jay Spearing,70,,0
2021-01-13,James Vaughan,,70,0
2021-01-13,Kyle Hayde,,75,0
2021-01-13,George Nugent,,75,0
2021-01-13,Corey Blackett-Taylor,75,,0
2021-01-16,Corey Blackett-Taylor,,78,0
2021-01-16,Morgan Ferrier,78,,0
2021-01-16,Liam Feeney,,56,0
2021-01-16,Kaiyne Woolery,56,,0
2021-01-16,Danny Lloyd,,69,0
2021-01-16,Ollie Banks,69,,0
2021-01-19,James Vaughan,82,,0
2021-01-19,Kieron Morris,,69,0
2021-01-19,Kaiyne Woolery,69,,0
2021-01-19,Morgan Ferrier,,70,0
2021-01-19,Danny Lloyd,70,,0
2021-01-19,Stefan Payne,,82,0
2021-01-23,Kieron Morris,,80,0
2021-01-23,Danny Lloyd,80,,0
2021-01-23,Kaiyne Woolery,66,,0
2021-01-23,Nya Kirby,,66,0
2021-01-26,Liam Ridehalgh,,73,0
2021-01-26,Kaiyne Woolery,72,,0
2021-01-26,Kieron Morris,,72,0
2021-01-26,Liam Feeney,90,,4
2021-01-26,Morgan Ferrier,,90,4
2021-01-26,Danny Lloyd,73,,0
2021-01-26,James Vaughan,90,,4
2021-01-26,George Ray,,90,4
2021-01-30,Danny Lloyd,,45,0
2021-01-30,Nya Kirby,45,,0
2021-01-30,Liam Ridehalgh,,89,0
2021-01-30,Kaiyne Woolery,89,,0
2021-02-02,Danny Lloyd,58,,0
2021-02-02,Kyle Hayde,,80,0
2021-02-02,Kaiyne Woolery,,58,0
2021-02-02,Danny Walker-Rice,,90,0
2021-02-02,Nya Kirby,80,,0
2021-02-02,Kieron Morris,90,,0
2021-02-06,Danny Lloyd,87,,0
2021-02-06,Lee O'Connor,,90,4
2021-02-06,Kieron Morris,,87,0
2021-02-06,Liam Feeney,90,,4
2021-02-09,Charlie Jolley,,58,0
2021-02-09,Kaiyne Woolery,58,,0
2021-02-09,Nya Kirby,,58,0
2021-02-09,Alister Crawford,58,,0
2021-02-09,Danny Lloyd,54,,0
2021-02-09,Kieron Morris,,54,0
2021-02-16,Peter Clarke,,90,2
2021-02-16,Kieron Morris,90,,2
2021-02-16,Otis Khan,70,,0
2021-02-16,James Vaughan,,59,0
2021-02-16,Danny Lloyd,71,,0
2021-02-16,Nya Kirby,59,,0
2021-02-16,Liam Ridehalgh,,70,0
2021-02-16,Kaiyne Woolery,71,,0
2021-02-16,Liam Feeney,,71,0
2021-02-16,Jay Spearing,,71,0
2021-02-20,Corey Blackett-Taylor,,85,0
2021-02-20,James Vaughan,77,,0
2021-02-20,David Nugent,,77,0
2021-02-20,Kieron Morris,85,,0
2021-02-23,David Nugent,,86,0
2021-02-23,Sid Nelson,50,,0
2021-02-23,Lee O'Connor,,50,0
2021-02-23,Kaiyne Woolery,86,,0
2021-02-23,Danny Lloyd,70,,0
2021-02-23,Kieron Morris,,70,0
2021-02-27,Danny Lloyd,45,,0
2021-02-27,Kieron Morris,,45,0
2021-02-27,David Nugent,,83,0
2021-02-27,Kaiyne Woolery,74,,0
2021-02-27,Liam Ridehalgh,,74,0
2021-02-27,James Vaughan,83,,0
2021-03-02,David Nugent,65,,0
2021-03-02,Liam Ridehalgh,,65,0
2021-03-02,Kieron Morris,90,,0
2021-03-02,Danny Lloyd,,90,0
2021-03-06,Alister Crawford,,73,0
2021-03-06,Corey Blackett-Taylor,,73,0
2021-03-06,David Nugent,73,,0
2021-03-06,Danny Lloyd,,45,0
2021-03-06,Emmanuel Monthe,,60,0
2021-03-06,George Ray,60,,0
2021-03-06,Lee O'Connor,73,,0
2021-03-06,Nya Kirby,45,,0
2021-03-09,Corey Blackett-Taylor,,90,3
2021-03-09,Liam Ridehalgh,,87,0
2021-03-09,Danny Lloyd,87,,0
2021-03-09,David Nugent,,83,0
2021-03-09,Kieron Morris,83,,0
2021-03-09,Calum MacDonald,90,,3
2021-03-14,Paul Lewis,65,,0
2021-03-14,Corey Blackett-Taylor,,65,0
2021-03-14,Danny Lloyd,65,,0
2021-03-14,Jake Burton,,90,1
2021-03-14,David Nugent,,65,0
2021-03-14,Kieron Morris,90,,1
2021-03-17,Alister Crawford,,78,0
2021-03-17,Paul Lewis,77,,0
2021-03-17,Kieron Morris,,77,0
2021-03-17,Liam Feeney,87,,0
2021-03-17,Emmanuel Monthe,,87,0
2021-03-17,David Nugent,78,,0
2021-03-17,Corey Blackett-Taylor,55,,0
2021-03-17,Danny Lloyd,,55,0
2021-03-20,Danny Lloyd,,57,0
2021-03-20,Liam Ridehalgh,,85,0
2021-03-20,Kaiyne Woolery,85,,0
2021-03-20,Paul Lewis,,57,0
2021-03-20,Kieron Morris,57,,0
2021-03-20,Emmanuel Monthe,,42,0
2021-03-20,George Ray,42,,0
2021-03-20,David Nugent,57,,0
2021-03-23,Nya Kirby,,65,0
2021-03-23,Danny Lloyd,65,,0
2021-03-23,David Nugent,,45,0
2021-03-23,Kieron Morris,45,,0
2021-03-23,Alister Crawford,,63,0
2021-03-23,Liam Ridehalgh,63,,0
2021-03-27,David Nugent,,74,0
2021-03-27,Alister Crawford,74,,0
2021-03-27,Nya Kirby,,74,0
2021-03-27,Kieron Morris,74,,0
2021-03-27,Joe Murphy,,14,0
2021-03-27,Scott Davies,14,,0
2021-04-02,Alister Crawford,,79,0
2021-04-02,Liam Feeney,79,,0
2021-04-02,Kieron Morris,45,,0
2021-04-02,Danny Lloyd,,45,0
2021-04-02,David Nugent,,45,0
2021-04-02,Liam Ridehalgh,,68,0
2021-04-02,George Ray,68,,0
2021-04-02,Lee O'Connor,45,,0
2021-04-05,Kaiyne Woolery,71,,0
2021-04-05,Jay Spearing,21,,0
2021-04-05,Kieron Morris,,21,0
2021-04-05,Danny Lloyd,81,,0
2021-04-05,Corey Blackett-Taylor,,81,0
2021-04-05,David Nugent,,71,0
2021-04-10,Alister Crawford,73,,0
2021-04-10,Corey Blackett-Taylor,,73,0
2021-04-10,Liam Feeney,78,,0
2021-04-10,Kieron Morris,,78,0
2021-04-10,Danny Lloyd,64,,0
2021-04-10,David Nugent,,64,0
2021-04-13,Kaiyne Woolery,62,,0
2021-04-13,James Vaughan,,68,0
2021-04-13,David Nugent,68,,0
2021-04-13,Danny Lloyd,,62,0
2021-04-13,Alister Crawford,62,,0
2021-04-13,Lee O'Connor,,62,0
2021-04-13,Kieron Morris,,80,0
2021-04-13,Liam Feeney,80,,0
2021-04-17,Kieron Morris,90,,0
2021-04-17,Corey Blackett-Taylor,,90,0
2021-04-17,James Vaughan,,67,0
2021-04-17,David Nugent,,77,0
2021-04-17,Kaiyne Woolery,77,,0
2021-04-17,Danny Lloyd,67,,0
2021-04-20,Danny Lloyd,60,,0
2021-04-20,Liam Feeney,89,,0
2021-04-20,Otis Khan,,60,0
2021-04-20,Liam Ridehalgh,,89,0
2021-04-24,David Nugent,,45,0
2021-04-24,Danny Lloyd,45,,0
2021-04-24,Otis Khan,,45,0
2021-04-24,Kieron Morris,45,,0
2021-05-01,Otis Khan,74,,0
2021-05-01,Corey Blackett-Taylor,,65,0
2021-05-01,Kaiyne Woolery,65,,0
2021-05-01,Kieron Morris,,48,0
2021-05-01,Danny Lloyd,,65,0
2021-05-01,Paul Lewis,48,,0
2021-05-01,Calum MacDonald,65,,0
2021-05-01,Charlie Jolley,,74,0
2021-05-08,David Nugent,62,,0
2021-05-08,George Ray,74,,0
2021-05-08,James Vaughan,,62,0
2021-05-08,Emmanuel Monthe,,74,0
2021-05-08,Liam Feeney,90,,4
2021-05-08,Alister Crawford,,90,4
2021-05-08,Corey Blackett-Taylor,62,,0
2021-05-08,Kaiyne Woolery,,62,0
2021-05-20,James Vaughan,80,,0
2021-05-20,David Nugent,,80,0
2021-05-20,Kaiyne Woolery,,71,0
2021-05-20,Corey Blackett-Taylor,71,,0
2021-05-20,Paul Lewis,,71,0
2021-05-20,Liam Feeney,71,,0
2021-05-20,Otis Khan,71,,0
2021-05-20,Danny Lloyd,,71,0
2021-05-23,David Nugent,,45,0
2021-05-23,Corey Blackett-Taylor,64,,0
2021-05-23,Kaiyne Woolery,,64,0
2021-05-23,Kieron Morris,45,,0
2021-05-23,Lee O'Connor,45,,0
2021-05-23,Liam Ridehalgh,64,,0
2021-05-23,Otis Khan,,45,0
2021-05-23,Calum MacDonald,,64,0
2021-08-07,Liam Feeney,88,,0
2021-08-07,Callum McManaman,88,,0
2021-08-07,Sam Foley,,88,0
2021-08-07,Paul Glatzel,64,,0
2021-08-07,Kieron Morris,,64,0
2021-08-07,Joseph Maguire,,88,0
2021-08-10,Emmanuel Dieseruvwe,,60,0
2021-08-10,Callum McManaman,79,,0
2021-08-10,Liam Feeney,,79,0
2021-08-10,Elliott Nevitt,60,,0
2021-08-10,Jay Spearing,,65,0
2021-08-10,Ryan Watson,65,,0
2021-08-14,Liam Feeney,90,,4
2021-08-14,Callum McManaman,,60,0
2021-08-14,Paul Glatzel,60,,0
2021-08-14,Ryan Watson,,90,4
2021-08-17,Ryan Watson,72,,0
2021-08-17,Sam Foley,,72,0
2021-08-17,Emmanuel Dieseruvwe,77,,0
2021-08-17,Elliott Nevitt,,77,0
2021-08-17,Paul Glatzel,,72,0
2021-08-17,Liam Feeney,72,,0
2021-08-21,Ryan Watson,,77,0
2021-08-21,Kieron Morris,66,,0
2021-08-21,Emmanuel Dieseruvwe,,66,0
2021-08-21,Paul Glatzel,56,,0
2021-08-21,Callum McManaman,,56,0
2021-08-21,Sam Foley,77,,0
2021-08-28,Calum MacDonald,56,,0
2021-08-28,Chris Merrie,,56,0
2021-08-28,Ryan Watson,72,,0
2021-08-28,Emmanuel Dieseruvwe,,72,0
2021-08-28,Paul Glatzel,56,,0
2021-08-28,Kieron Morris,,56,0
2021-09-04,Nicky Maynard,61,,0
2021-09-04,Mark Duffy,73,,0
2021-09-04,Josh Hawkes,,73,0
2021-09-04,Callum McManaman,,61,0
2021-09-11,Joe Murphy,62,,0
2021-09-11,Liam Feeney,,50,0
2021-09-11,Tom Davies,86,,0
2021-09-11,Sam Foley,,78,0
2021-09-11,Ryan Watson,78,,0
2021-09-11,Nicky Maynard,,86,0
2021-09-11,Callum McManaman,50,,0
2021-09-11,Ross Doohan,,62,0
2021-09-14,Calum MacDonald,58,,0
2021-09-14,Joseph Maguire,,58,0
2021-09-14,Mark Duffy,75,,0
2021-09-14,Josh Hawkes,,75,0
2021-09-14,Nicky Maynard,58,,0
2021-09-14,Emmanuel Dieseruvwe,,58,0
2021-09-18,Callum McManaman,67,,0
2021-09-18,Nat Knight-Percival,,71,0
2021-09-18,Josh Hawkes,71,,0
2021-09-18,Lee O'Connor,,71,0
2021-09-18,Kieron Morris,71,,0
2021-09-18,Liam Feeney,,67,0
2021-09-25,Elliott Nevitt,72,,0
2021-09-25,Josh Hawkes,63,,0
2021-09-25,Nicky Maynard,,72,0
2021-09-25,Ryan Watson,,81,0
2021-09-25,Kieron Morris,81,,0
2021-09-25,Liam Feeney,,63,0
2021-10-02,Kieron Morris,82,,0
2021-10-02,Liam Feeney,,75,0
2021-10-02,Nicky Maynard,,90,0
2021-10-02,Elliott Nevitt,90,,0
2021-10-02,Lee O'Connor,,82,0
2021-10-02,Josh Hawkes,75,,0
2021-10-05,Stephen Walker,,66,0
2021-10-05,Paul Glatzel,66,,0
2021-10-05,Elliott Nevitt,,88,0
2021-10-05,Nicky Maynard,64,,0
2021-10-05,Emmanuel Dieseruvwe,,64,0
2021-10-05,Mark Duffy,88,,0
2021-10-08,Ryan Watson,,84,0
2021-10-08,Chris Merrie,,90,3
2021-10-08,Callum McManaman,82,,0
2021-10-08,Liam Feeney,,82,0
2021-10-08,Kieron Morris,84,,0
2021-10-08,Josh Hawkes,90,,3
2021-10-16,Callum McManaman,89,,0
2021-10-16,Ryan Watson,,89,0
2021-10-16,Kieron Morris,77,,0
2021-10-16,Lee O'Connor,,77,0
2021-10-16,Josh Hawkes,72,,0
2021-10-16,Liam Feeney,,72,0
2021-10-19,Josh Hawkes,62,,0
2021-10-19,Liam Feeney,,62,0
2021-10-23,Mark Duffy,,61,0
2021-10-23,Kieron Morris,61,,0
2021-10-23,Sam Foley,78,,0
2021-10-23,Ryan Watson,,78,0
2021-10-23,Liam Feeney,72,,0
2021-10-23,Nicky Maynard,,72,0
2021-10-30,Mark Duffy,,45,0
2021-10-30,Callum McManaman,45,,0
2021-10-30,Paul Glatzel,,45,0
2021-10-30,Emmanuel Dieseruvwe,68,,0
2021-10-30,Elliott Nevitt,,68,0
2021-10-30,Liam Feeney,45,,0
2021-11-06,Emmanuel Dieseruvwe,,81,0
2021-11-06,Ryan Watson,81,,0
2021-11-06,Tom Davies,,81,0
2021-11-06,Liam Feeney,73,,0
2021-11-06,Sam Foley,,73,0
2021-11-06,Elliott Nevitt,81,,0
2021-11-09,Nicky Maynard,89,,0
2021-11-09,Emmanuel Dieseruvwe,,89,0
2021-11-09,Calum MacDonald,,89,0
2021-11-09,Kieron Morris,89,,0
2021-11-09,Ryan Watson,,67,0
2021-11-09,Stephen Walker,67,,0
2021-11-13,Josh Hawkes,,58,0
2021-11-13,Liam Feeney,58,,0
2021-11-13,Paul Glatzel,,64,0
2021-11-13,Kieron Morris,64,,0
2021-11-20,Elliott Nevitt,45,,0
2021-11-20,Sam Foley,,73,0
2021-11-20,Tom Davies,73,,0
2021-11-20,Nicky Maynard,,45,0
2021-11-23,Calum MacDonald,58,,0
2021-11-23,Callum McManaman,,58,0
2021-11-23,Josh Hawkes,90,,4
2021-11-23,Ryan Watson,,90,4
2021-11-23,Nicky Maynard,87,,0
2021-11-23,Jay Spearing,,87,0
2021-12-04,Paul Glatzel,72,,0
2021-12-04,Jay Spearing,45,,0
2021-12-04,Sam Foley,,45,0
2021-12-04,Josh Hawkes,45,,0
2021-12-04,Callum McManaman,,56,0
2021-12-04,Calum MacDonald,56,,0
2021-12-04,Elliott Nevitt,,72,0
2021-12-04,Nicky Maynard,56,,0
2021-12-04,Emmanuel Dieseruvwe,,56,0
2021-12-04,Ryan Watson,,45,0
2021-12-07,Josh Hawkes,45,,0
2021-12-07,Lee O'Connor,,78,0
2021-12-07,Jay Spearing,78,,0
2021-12-07,Kieron Morris,,80,0
2021-12-07,Callum McManaman,80,,0
2021-12-07,Liam Feeney,,45,0
2021-12-11,Charlie Jolley,82,,0
2021-12-11,Chris Merrie,,78,0
2021-12-11,Elliott Nevitt,78,,0
2021-12-11,Lee O'Connor,,79,0
2021-12-11,Josh Hawkes,79,,0
2021-12-11,Callum McManaman,,82,0
2021-12-18,Josh Hawkes,90,,2
2021-12-18,Ryan Watson,,88,0
2021-12-18,Charlie Jolley,88,,0
2021-12-18,Chris Merrie,,90,2
2021-12-21,Joseph Maguire,90,,0
2021-12-21,Peter Clarke,,90,0
2021-12-21,Chris Merrie,72,,0
2021-12-21,Sam Foley,,62,0
2021-12-21,Mark Duffy,62,,0
2021-12-21,Liam Feeney,71,,0
2021-12-21,Charlie Jolley,,71,0
2021-12-21,Nicky Maynard,72,,0
2021-12-21,Elliott Nevitt,,72,0
2021-12-21,Lee O'Connor,,72,0
2021-12-26,Ryan Watson,,76,0
2021-12-26,Josh Hawkes,76,,0
2021-12-26,Chris Merrie,,76,0
2021-12-26,Jay Spearing,76,,0
2021-12-26,Nicky Maynard,66,,0
2021-12-26,Liam Feeney,,66,0
2022-01-08,Josh McPake,63,,0
2022-01-08,Charlie Jolley,87,,0
2022-01-08,Elliott Nevitt,78,,0
2022-01-08,Paul Glatzel,,78,0
2022-01-08,Sam Foley,,63,0
2022-01-08,Ryan Watson,,87,0
2022-01-11,Paul Glatzel,,58,0
2022-01-11,Elliott Nevitt,45,,0
2022-01-11,Sam Foley,,45,0
2022-01-11,Josh McPake,58,,0
2022-01-15,Kane Hemmings,84,,0
2022-01-15,Elliott Nevitt,,84,0
2022-01-15,Charlie Jolley,79,,0
2022-01-15,Sam Foley,,79,0
2022-01-22,Chris Merrie,,88,0
2022-01-22,Callum McManaman,,75,0
2022-01-22,Charlie Jolley,59,,0
2022-01-22,Elliott Nevitt,,59,0
2022-01-22,Josh McPake,75,,0
2022-01-22,Jay Spearing,88,,0
2022-01-29,Josh Hawkes,,59,0
2022-01-29,Charlie Jolley,45,,0
2022-01-29,Jay Spearing,59,,0
2022-01-29,Elliott Nevitt,,45,0
2022-02-01,Sam Foley,,45,0
2022-02-01,Chris Merrie,,85,0
2022-02-01,Jay Spearing,45,,0
2022-02-01,Josh McPake,51,,0
2022-02-01,Josh Hawkes,,51,0
2022-02-01,Paul Glatzel,85,,0
2022-02-05,Elliott Nevitt,,90,3
2022-02-05,Paul Glatzel,90,,3
2022-02-08,Kane Hemmings,81,,0
2022-02-08,Josh Hawkes,86,,0
2022-02-08,Callum McManaman,,86,0
2022-02-08,Paul Glatzel,82,,0
2022-02-08,Elliott Nevitt,,82,0
2022-02-08,Charlie Jolley,,81,0
2022-02-12,Josh McPake,,62,0
2022-02-12,Sam Foley,,76,0
2022-02-12,Charlie Jolley,61,,0
2022-02-12,Josh Hawkes,62,,0
2022-02-12,Elliott Nevitt,,61,0
2022-02-12,Lewis Warrington,76,,0
2022-02-15,Callum McManaman,,63,0
2022-02-15,Charlie Jolley,63,,0
2022-02-19,Sam Foley,,84,0
2022-02-19,Kane Hemmings,84,,0
2022-02-19,Josh Hawkes,80,,0
2022-02-19,Josh McPake,,80,0
2022-02-26,Josh Hawkes,55,,0
2022-02-26,Sam Foley,,55,0
2022-03-05,Jake Burton,56,,0
2022-03-05,Paul Glatzel,,56,0
2022-03-05,Callum McManaman,71,,0
2022-03-05,Josh Hawkes,,71,0
2022-03-05,Lewis Warrington,56,,0
2022-03-05,Sam Foley,,56,0
2022-03-11,Kieron Morris,29,,0
2022-03-11,Josh Hawkes,,29,0
2022-03-11,Elliott Nevitt,,55,0
2022-03-11,Paul Glatzel,55,,0
2022-03-11,Sam Foley,,89,0
2022-03-11,Josh McPake,89,,0
2022-03-15,Sam Foley,,76,0
2022-03-15,Kane Hemmings,76,,0
2022-03-15,Josh McPake,76,,0
2022-03-15,Callum McManaman,,76,0
2022-03-19,Josh McPake,45,,0
2022-03-19,Sam Foley,,45,0
2022-03-26,Charlie Jolley,,77,0
2022-03-26,Josh Hawkes,77,,0
2022-04-02,Chris Merrie,,45,0
2022-04-02,Kane Hemmings,85,,0
2022-04-02,Nat Knight-Percival,,85,0
2022-04-02,Josh Hawkes,45,,0
2022-04-02,Jay Spearing,,68,0
2022-04-02,Lewis Warrington,68,,0
2022-04-09,Callum McManaman,70,,0
2022-04-09,Sam Foley,,70,0
2022-04-09,Josh Hawkes,76,,0
2022-04-09,Jay Spearing,,76,0
2022-04-15,Callum McManaman,,45,0
2022-04-15,Lee O'Connor,45,,0
2022-04-15,Josh Hawkes,,45,0
2022-04-15,Jay Spearing,45,,0
2022-04-15,Nicky Maynard,,63,0
2022-04-15,Elliott Nevitt,63,,0
2022-04-18,Josh McPake,,87,0
2022-04-18,Callum McManaman,87,,0
2022-04-18,Josh Hawkes,80,,0
2022-04-18,Sam Foley,,80,0
2022-04-23,Lee O'Connor,73,,0
2022-04-23,Nicky Maynard,,73,0
2022-04-23,Josh Hawkes,45,,0
2022-04-23,Jay Spearing,,45,0
2022-04-30,Elliott Nevitt,86,,0
2022-04-30,Sam Foley,,86,0
2022-04-30,Josh McPake,,81,0
2022-04-30,Kieron Morris,81,,0
2022-05-07,Sam Foley,,87,0
2022-05-07,Elliott Nevitt,87,,0
2022-05-07,Jay Spearing,,70,0
2022-05-07,Josh Hawkes,66,,0
2022-05-07,Callum McManaman,,66,0
2022-05-07,Lee O'Connor,70,,0
2022-07-30,Luke Robinson,90,,0
2022-07-30,Jon Nolan,,90,0
2022-07-30,Josh Hawkes,62,,0
2022-07-30,Paul Lewis,,62,0
2022-08-06,Reece McAlear,80,,0
2022-08-06,Jon Nolan,,80,0
2022-08-09,Lee O'Connor,82,,0
2022-08-09,Rhys Hughes,,82,0
2022-08-09,Chris Merrie,71,,0
2022-08-09,Joel Mumbongo,,71,0
2022-08-09,Jordan Turnbull,45,,0
2022-08-09,Reece McAlear,,45,0
2022-08-13,Elliott Nevitt,87,,0
2022-08-13,Jon Nolan,,87,0
2022-08-13,Paul Lewis,73,,0
2022-08-13,Jordan Turnbull,77,,0
2022-08-13,Josh Hawkes,,77,0
2022-08-13,Joel Mumbongo,,73,0
2022-08-16,Jordan Turnbull,65,,0
2022-08-16,Joel Mumbongo,,74,0
2022-08-16,Elliott Nevitt,74,,0
2022-08-16,Josh Hawkes,,65,0
2022-08-20,Paul Lewis,45,,0
2022-08-20,Reece McAlear,72,,0
2022-08-20,Chris Merrie,45,,0
2022-08-20,Jon Nolan,,45,0
2022-08-20,Josh Hawkes,,72,0
2022-08-20,Lee O'Connor,,45,0
2022-08-24,Jon Nolan,58,,0
2022-08-24,Josh Hawkes,,58,0
2022-08-24,Paul Lewis,,70,0
2022-08-24,Kyle Jameson,70,,0
2022-08-27,Jake Burton,,80,0
2022-08-27,Elliott Nevitt,80,,0
2022-08-27,Paul Lewis,,69,0
2022-08-27,Jon Nolan,69,,0
2022-08-27,Rhys Hughes,,69,0
2022-08-27,Reece McAlear,69,,0
2022-09-03,Dynel Simeu,,70,0
2022-09-03,Reece McAlear,64,,0
2022-09-03,Rhys Hughes,,64,0
2022-09-03,Josh Hawkes,70,,0
2022-09-03,Jake Burton,,69,0
2022-09-03,Elliott Nevitt,69,,0
2022-09-03,Paul Lewis,,64,0
2022-09-03,Jon Nolan,64,,0
2022-09-13,Josh Hawkes,,83,0
2022-09-13,Elliott Nevitt,71,,0
2022-09-13,Paul Glatzel,,71,0
2022-09-13,Paul Glatzel,85,,0
2022-09-13,Jake Burton,,85,0
2022-09-13,Paul Lewis,83,,0
2022-09-17,Neill Byrne,,88,0
2022-09-17,Elliott Nevitt,88,,0
2022-09-17,Paul Lewis,,78,0
2022-09-17,Josh Hawkes,78,,0
2022-09-17,Kieron Morris,,73,0
2022-09-17,Rhys Hughes,73,,0
2022-09-20,Elliott Nevitt,68,,0
2022-09-20,Jake Burton,,68,0
2022-09-20,Paul Lewis,69,,0
2022-09-20,Kane Hemmings,,69,0
2022-09-20,Kieron Morris,45,,0
2022-09-20,Arthur Lomax,,45,0
2022-09-24,Paul Lewis,58,,0
2022-09-24,Kieron Morris,,45,0
2022-09-24,Rhys Hughes,45,,0
2022-09-24,Elliott Nevitt,,58,0
2022-10-01,Paul Lewis,,86,0
2022-10-01,Reece McAlear,,86,0
2022-10-01,Elliott Nevitt,86,,0
2022-10-01,Rhys Hughes,,75,0
2022-10-01,Josh Hawkes,75,,0
2022-10-01,Chris Merrie,86,,0
2022-10-01,Neill Byrne,,90,3
2022-10-01,Kieron Morris,90,,3
2022-10-04,Samuel Taylor,,79,0
2022-10-04,Arthur Lomax,,61,0
2022-10-04,Paul Lewis,79,,0
2022-10-04,Jake Burton,61,,0
2022-10-08,Elliott Nevitt,,73,0
2022-10-08,Rhys Hughes,,82,0
2022-10-08,Kieron Morris,82,,0
2022-10-08,Paul Lewis,73,,0
2022-10-14,Elliott Nevitt,,33,0
2022-10-14,Paul Lewis,33,,0
2022-10-14,Jake Burton,,90,4
2022-10-14,Kane Hemmings,90,,4
2022-10-14,Rhys Hughes,,89,0
2022-10-14,Josh Hawkes,89,,0
2022-10-18,Lee O'Connor,,45,0
2022-10-18,Arthur Lomax,66,,0
2022-10-18,Josh Hawkes,,66,0
2022-10-18,Jake Burton,66,,0
2022-10-18,Samuel Taylor,85,,0
2022-10-18,Josh Dacres-Cogley,45,,0
2022-10-18,Kieron Morris,,85,0
2022-10-18,Chris Merrie,,56,0
2022-10-18,Elliott Nevitt,,66,0
2022-10-18,Kyle Jameson,56,,0
2022-10-22,Rhys Hughes,,77,0
2022-10-22,Josh Hawkes,77,,0
2022-10-29,Elliott Nevitt,71,,0
2022-10-29,Jon Nolan,,45,0
2022-10-29,Jake Burton,,71,0
2022-10-29,Chris Merrie,45,,0
2022-11-01,Paul Lewis,,76,0
2022-11-01,Elliott Nevitt,76,,0
2022-11-05,Kyle Jameson,45,,0
2022-11-05,Elliott Nevitt,,60,0
2022-11-05,Paul Lewis,60,,0
2022-11-05,Reece McAlear,,60,0
2022-11-05,Lee O'Connor,60,,0
2022-11-05,Josh Hawkes,,45,0
2022-11-05,Tom Davies,78,,0
2022-11-05,Dynel Simeu,90,,2
2022-11-05,Neill Byrne,,78,0
2022-11-05,Samuel Taylor,,90,2
2022-11-12,Rhys Hughes,,86,0
2022-11-12,Tom Davies,,90,3
2022-11-12,Kieron Morris,90,,3
2022-11-12,Elliott Nevitt,83,,0
2022-11-12,Josh Hawkes,86,,0
2022-11-12,Jake Burton,,83,0
2022-11-19,Josh Hawkes,32,,0
2022-11-19,Chris Merrie,55,,0
2022-11-19,Neill Byrne,,32,0
2022-11-19,Elliott Nevitt,,55,0
2022-11-22,Kieron Morris,75,,0
2022-11-22,Rhys Hughes,,75,0
2022-11-22,Elliott Nevitt,61,,0
2022-11-22,Jon Nolan,61,,0
2022-11-22,Josh Hawkes,,61,0
2022-11-22,Paul Lewis,,61,0
2022-12-03,Paul Lewis,53,,0
2022-12-03,Elliott Nevitt,,53,0
2022-12-10,Jake Burton,,55,0
2022-12-10,Paul Lewis,55,,0
2022-12-10,Joel Mumbongo,,78,0
2022-12-10,Lee O'Connor,78,,0
2022-12-26,Josh Hawkes,87,,0
2022-12-26,Joel Mumbongo,70,,0
2022-12-26,Paul Lewis,,70,0
2022-12-26,Kane Hemmings,87,,0
2022-12-26,Jake Burton,,87,0
2022-12-26,Reece McAlear,,87,0
2022-12-29,Joel Mumbongo,58,,0
2022-12-29,Josh Hawkes,87,,0
2022-12-29,Paul Lewis,,58,0
2022-12-29,Dynel Simeu,,87,0
2023-01-01,Josh Hawkes,78,,0
2023-01-01,Jon Nolan,,78,0
2023-01-01,Elliott Nevitt,58,,0
2023-01-01,Joel Mumbongo,,58,0
2023-01-07,Reece McAlear,,86,0
2023-01-07,Joel Mumbongo,45,,0
2023-01-07,Elliott Nevitt,,45,0
2023-01-07,Josh Hawkes,86,,0
2023-01-14,Joel Mumbongo,45,,1
2023-01-14,Jake Burton,,45,1
2023-01-28,Harvey Saunders,67,,0
2023-01-28,Chris Merrie,74,,0
2023-01-28,Brad Walker,,74,0
2023-01-28,Josh Hawkes,74,,0
2023-01-28,Jake Burton,,67,0
2023-01-28,Logan Chalmers,,74,0
2023-02-04,Harvey Saunders,72,,0
2023-02-04,Kane Hemmings,86,,0
2023-02-04,Jake Burton,,72,0
2023-02-04,Logan Chalmers,,60,0
2023-02-04,Josh Hawkes,60,,0
2023-02-04,Paul Lewis,,86,0
2023-02-04,Lee O'Connor,86,,0
2023-02-04,Regan Hendry,,59,0
2023-02-04,Chris Merrie,59,,0
2023-02-04,Joel Mumbongo,,86,0
2023-02-07,Brad Walker,68,,0
2023-02-07,Paul Lewis,,68,0
2023-02-07,Josh Hawkes,68,,0
2023-02-07,Harvey Saunders,82,,0
2023-02-07,Kane Hemmings,82,,0
2023-02-07,Jake Burton,,82,0
2023-02-07,Logan Chalmers,,68,0
2023-02-07,Joel Mumbongo,,82,0
2023-02-11,Harvey Saunders,76,,0
2023-02-11,Regan Hendry,76,,0
2023-02-11,Jay Turner-Cooke,,76,0
2023-02-11,Josh Hawkes,70,,0
2023-02-11,Logan Chalmers,,70,0
2023-02-11,Joel Mumbongo,,76,0
2023-02-11,Kane Hemmings,69,,0
2023-02-11,Chris Merrie,,69,0
2023-02-14,Joel Mumbongo,,62,0
2023-02-14,Kane Hemmings,62,,0
2023-02-14,Jay Turner-Cooke,,62,0
2023-02-14,Josh Hawkes,62,,0
2023-02-14,Kieron Morris,37,,0
2023-02-14,Logan Chalmers,,37,0
2023-02-18,Jake Burton,,58,0
2023-02-18,Logan Chalmers,,58,0
2023-02-18,Jay Turner-Cooke,58,,0
2023-02-18,Joel Mumbongo,58,,0
2023-02-25,Kyle Jameson,,90,7
2023-02-25,Jake Burton,,89,0
2023-02-25,Harvey Saunders,89,,0
2023-02-25,Josh Hawkes,90,,7
2023-02-25,Chris Merrie,,67,0
2023-02-25,Jay Turner-Cooke,67,,0
2023-02-28,Brad Walker,,63,0
2023-02-28,Regan Hendry,63,,0
2023-02-28,Chris Merrie,,57,0
2023-02-28,Lee O'Connor,57,,0
2023-02-28,Jake Burton,,57,0
2023-02-28,Logan Chalmers,57,,0
2023-03-04,Brad Walker,48,,0
2023-03-04,Jay Turner-Cooke,,48,0
2023-03-04,Paul Lewis,18,,0
2023-03-04,Jake Burton,,18,0
2023-03-11,Joel Mumbongo,,54,0
2023-03-11,Josh Hawkes,77,,0
2023-03-11,Logan Chalmers,,77,0
2023-03-11,Jake Burton,54,,0
2023-03-18,Joel Mumbongo,,63,0
2023-03-18,Jake Burton,63,,0
2023-03-18,Logan Chalmers,57,,0
2023-03-18,Rhys Hughes,,57,0
2023-03-25,Josh Hawkes,72,,0
2023-03-25,Rhys Hughes,45,,0
2023-03-25,Lee O'Connor,,45,0
2023-03-25,Jay Turner-Cooke,,72,0
2023-03-25,Harvey Saunders,90,,7
2023-03-25,Logan Chalmers,,90,7
2023-03-25,Joel Mumbongo,77,,0
2023-03-25,Jake Burton,,77,0
2023-03-31,Jake Burton,,81,0
2023-03-31,Kane Hemmings,,64,0
2023-03-31,Rhys Hughes,81,,0
2023-03-31,Joel Mumbongo,64,,0
2023-04-07,Samuel Taylor,,79,0
2023-04-07,Kane Hemmings,79,,0
2023-04-07,Logan Chalmers,,54,0
2023-04-07,Harvey Saunders,54,,0
2023-04-07,Lee O'Connor,,65,0
2023-04-07,Joel Mumbongo,,45,0
2023-04-07,Rhys Hughes,45,,0
2023-04-07,Florent Hoti,,79,0
2023-04-07,Chris Merrie,79,,0
2023-04-07,Josh Hawkes,65,,0
2023-04-10,Logan Chalmers,71,,0
2023-04-10,Florent Hoti,,71,0
2023-04-10,Harvey Saunders,63,,0
2023-04-10,Jay Turner-Cooke,,63,0
2023-04-15,Lee O'Connor,53,,0
2023-04-15,Jay Turner-Cooke,,53,0
2023-04-15,Rhys Hughes,,66,0
2023-04-15,Logan Chalmers,66,,0
2023-04-15,Jake Burton,,86,0
2023-04-15,Harvey Saunders,66,,0
2023-04-15,Samuel Taylor,,66,0
2023-04-15,Josh Hawkes,86,,0
2023-04-18,Josh Hawkes,90,,0
2023-04-18,Florent Hoti,,90,0
2023-04-18,Jay Turner-Cooke,77,,0
2023-04-18,Lee O'Connor,,77,0
2023-04-22,Florent Hoti,,87,0
2023-04-22,Kane Hemmings,87,,0
2023-04-22,Rhys Hughes,74,,0
2023-04-22,Lee O'Connor,,62,0
2023-04-22,Jay Turner-Cooke,62,,0
2023-04-22,Jake Burton,,74,0
2023-04-29,Jay Turner-Cooke,55,,0
2023-04-29,Florent Hoti,,55,0
2023-04-29,Rhys Hughes,45,,0
2023-04-29,Lee O'Connor,,45,0
2023-04-29,Harvey Saunders,40,,0
2023-04-29,Samuel Taylor,,40,0
2023-05-08,Jordan Turnbull,89,,0
2023-05-08,Rhys Hughes,45,,0
2023-05-08,Jake Burton,,67,0
2023-05-08,Joel Mumbongo,,89,0
2023-05-08,Jay Turner-Cooke,,45,0
2023-05-08,Lee O'Connor,67,,0
2023-08-05,Josh Hawkes,90,,1
2023-08-05,Lee O'Connor,81,,0
2023-08-05,Samuel Taylor,,90,1
2023-08-05,Kristian Dennis,,81,0
2023-08-05,Brad Walker,45,,0
2023-08-05,Kieron Morris,,45,0
2023-08-05,Harvey Saunders,81,,0
2023-08-05,Reece McAlear,,81,0
2023-08-05,Connor Jennings,71,,0
2023-08-05,Luke Norris,,71,0
